scenario,algorithm,operation,variant,time_us
V2V,Dilithium,KeyGen,Dilithium-44,120.0
V2V,Dilithium,KeyGen,Dilithium-65,275.0
V2V,Dilithium,KeyGen,Dilithium-87,321.0
V2V,Dilithium,KeyGen,Dilithium-44,110.0
V2V,Dilithium,KeyGen,Dilithium-65,192.0
V2V,Dilithium,KeyGen,Dilithium-87,289.0
V2V,Dilithium,KeyGen,Dilithium-44,110.0
V2V,Dilithium,KeyGen,Dilithium-65,208.0
V2V,Dilithium,KeyGen,Dilithium-87,315.0
V2V,Dilithium,KeyGen,Dilithium-44,158.0
V2V,Dilithium,KeyGen,Dilithium-65,214.0
V2V,Dilithium,KeyGen,Dilithium-87,342.0
V2V,Dilithium,KeyGen,Dilithium-44,105.0
V2V,Dilithium,KeyGen,Dilithium-65,208.0
V2V,Dilithium,KeyGen,Dilithium-87,335.0
V2V,Dilithium,KeyGen,Dilithium-44,103.0
V2V,Dilithium,KeyGen,Dilithium-65,209.0
V2V,Dilithium,KeyGen,Dilithium-87,286.0
V2V,Dilithium,KeyGen,Dilithium-44,186.0
V2V,Dilithium,KeyGen,Dilithium-65,299.0
V2V,Dilithium,KeyGen,Dilithium-87,336.0
V2V,Dilithium,KeyGen,Dilithium-44,106.0
V2V,Dilithium,KeyGen,Dilithium-65,194.0
V2V,Dilithium,KeyGen,Dilithium-87,332.0
V2V,Dilithium,KeyGen,Dilithium-44,103.0
V2V,Dilithium,KeyGen,Dilithium-65,195.0
V2V,Dilithium,KeyGen,Dilithium-87,293.0
V2V,Dilithium,Signing,Dilithium-44,320.0
V2V,Dilithium,Signing,Dilithium-65,410.0
V2V,Dilithium,Signing,Dilithium-87,703.0
V2V,Dilithium,Signing,Dilithium-44,313.0
V2V,Dilithium,Signing,Dilithium-65,305.0
V2V,Dilithium,Signing,Dilithium-87,507.0
V2V,Dilithium,Signing,Dilithium-44,286.0
V2V,Dilithium,Signing,Dilithium-65,388.0
V2V,Dilithium,Signing,Dilithium-87,453.0
V2V,Dilithium,Verification,Dilithium-44,110.0
V2V,Dilithium,Verification,Dilithium-65,180.0
V2V,Dilithium,Verification,Dilithium-87,390.0
V2V,Dilithium,Verification,Dilithium-44,109.0
V2V,Dilithium,Verification,Dilithium-65,180.0
V2V,Dilithium,Verification,Dilithium-87,287.0
V2V,Dilithium,Verification,Dilithium-44,110.0
V2V,Dilithium,Verification,Dilithium-65,247.0
V2V,Dilithium,Verification,Dilithium-87,289.0
V2V,Dilithium,Verification,Dilithium-44,108.0
V2V,Dilithium,Verification,Dilithium-65,246.0
V2V,Dilithium,Verification,Dilithium-87,288.0
V2V,Dilithium,Verification,Dilithium-44,119.0
V2V,Dilithium,Verification,Dilithium-65,203.0
V2V,Dilithium,Verification,Dilithium-87,290.0
V2V,Dilithium,Verification,Dilithium-44,108.0
V2V,Dilithium,Verification,Dilithium-65,175.0
V2V,Dilithium,Verification,Dilithium-87,305.0
V2V,Dilithium,Verification,Dilithium-44,108.0
V2V,Dilithium,Verification,Dilithium-65,225.0
V2V,Dilithium,Verification,Dilithium-87,306.0
V2V,Dilithium,Verification,Dilithium-44,119.0
V2V,Dilithium,Verification,Dilithium-65,175.0
V2V,Dilithium,Verification,Dilithium-87,288.0
V2V,Dilithium,Verification,Dilithium-44,338.0
V2V,Dilithium,Verification,Dilithium-65,175.0
V2V,Dilithium,Verification,Dilithium-87,290.0
V2V,Dilithium,Verification,Dilithium-44,156.0
V2V,Dilithium,Verification,Dilithium-65,175.0
V2V,Dilithium,Verification,Dilithium-87,287.0
V2V,Dilithium,Verification,Dilithium-44,114.0
V2V,Dilithium,Verification,Dilithium-65,181.0
V2V,Dilithium,Verification,Dilithium-87,302.0
V2V,Dilithium,Verification,Dilithium-44,109.0
V2V,Dilithium,Verification,Dilithium-65,260.0
V2V,Dilithium,Verification,Dilithium-87,323.0
V2V,Dilithium,Verification,Dilithium-44,110.0
V2V,Dilithium,Verification,Dilithium-65,176.0
V2V,Dilithium,Verification,Dilithium-87,309.0
V2V,Dilithium,Verification,Dilithium-44,109.0
V2V,Dilithium,Verification,Dilithium-65,180.0
V2V,Dilithium,Verification,Dilithium-87,289.0
V2V,Dilithium,Verification,Dilithium-44,145.0
V2V,Dilithium,Verification,Dilithium-65,208.0
V2V,Dilithium,Verification,Dilithium-87,302.0
V2V,Dilithium,Verification,Dilithium-44,109.0
V2V,Dilithium,Verification,Dilithium-65,209.0
V2V,Dilithium,Verification,Dilithium-87,633.0
V2V,Dilithium,Verification,Dilithium-44,108.0
V2V,Dilithium,Verification,Dilithium-65,176.0
V2V,Dilithium,Verification,Dilithium-87,305.0
V2V,Dilithium,Verification,Dilithium-44,107.0
V2V,Dilithium,Verification,Dilithium-65,276.0
V2V,Dilithium,Verification,Dilithium-87,312.0
V2V,Dilithium,Verification,Dilithium-44,110.0
V2V,Dilithium,Verification,Dilithium-65,176.0
V2V,Dilithium,Verification,Dilithium-87,293.0
V2V,Dilithium,Verification,Dilithium-44,109.0
V2V,Dilithium,Verification,Dilithium-65,214.0
V2V,Dilithium,Verification,Dilithium-87,320.0
V2V,Dilithium,Verification,Dilithium-44,108.0
V2V,Dilithium,Verification,Dilithium-65,176.0
V2V,Dilithium,Verification,Dilithium-87,288.0
V2V,Falcon,KeyGen,Falcon-512,12724.0
V2V,Falcon,KeyGen,Falcon-1024,37637.0
V2V,Falcon,KeyGen,Falcon-512,23910.0
V2V,Falcon,KeyGen,Falcon-1024,42016.0
V2V,Falcon,KeyGen,Falcon-512,14450.0
V2V,Falcon,KeyGen,Falcon-1024,29150.0
V2V,Falcon,KeyGen,Falcon-512,28599.0
V2V,Falcon,KeyGen,Falcon-1024,42298.0
V2V,Falcon,KeyGen,Falcon-512,13113.0
V2V,Falcon,KeyGen,Falcon-1024,37555.0
V2V,Falcon,KeyGen,Falcon-512,11118.0
V2V,Falcon,KeyGen,Falcon-1024,38026.0
V2V,Falcon,KeyGen,Falcon-512,12297.0
V2V,Falcon,KeyGen,Falcon-1024,43970.0
V2V,Falcon,KeyGen,Falcon-512,24886.0
V2V,Falcon,KeyGen,Falcon-1024,45338.0
V2V,Falcon,KeyGen,Falcon-512,16700.0
V2V,Falcon,KeyGen,Falcon-1024,57910.0
V2V,Falcon,Signing,Falcon-512,12236.0
V2V,Falcon,Signing,Falcon-1024,11662.0
V2V,Falcon,Signing,Falcon-512,4292.0
V2V,Falcon,Signing,Falcon-1024,9305.0
V2V,Falcon,Signing,Falcon-512,5031.0
V2V,Falcon,Signing,Falcon-1024,18450.0
V2V,Falcon,Verification,Falcon-512,54.0
V2V,Falcon,Verification,Falcon-1024,104.0
V2V,Falcon,Verification,Falcon-512,53.0
V2V,Falcon,Verification,Falcon-1024,104.0
V2V,Falcon,Verification,Falcon-512,52.0
V2V,Falcon,Verification,Falcon-1024,104.0
V2V,Falcon,Verification,Falcon-512,53.0
V2V,Falcon,Verification,Falcon-1024,104.0
V2V,Falcon,Verification,Falcon-512,52.0
V2V,Falcon,Verification,Falcon-1024,135.0
V2V,Falcon,Verification,Falcon-512,52.0
V2V,Falcon,Verification,Falcon-1024,126.0
V2V,Falcon,Verification,Falcon-512,53.0
V2V,Falcon,Verification,Falcon-1024,104.0
V2V,Falcon,Verification,Falcon-512,54.0
V2V,Falcon,Verification,Falcon-1024,104.0
V2V,Falcon,Verification,Falcon-512,91.0
V2V,Falcon,Verification,Falcon-1024,104.0
V2V,Falcon,Verification,Falcon-512,108.0
V2V,Falcon,Verification,Falcon-1024,104.0
V2V,Falcon,Verification,Falcon-512,53.0
V2V,Falcon,Verification,Falcon-1024,102.0
V2V,Falcon,Verification,Falcon-512,52.0
V2V,Falcon,Verification,Falcon-1024,132.0
V2V,Falcon,Verification,Falcon-512,53.0
V2V,Falcon,Verification,Falcon-1024,107.0
V2V,Falcon,Verification,Falcon-512,57.0
V2V,Falcon,Verification,Falcon-1024,106.0
V2V,Falcon,Verification,Falcon-512,53.0
V2V,Falcon,Verification,Falcon-1024,144.0
V2V,Falcon,Verification,Falcon-512,53.0
V2V,Falcon,Verification,Falcon-1024,106.0
V2V,Falcon,Verification,Falcon-512,53.0
V2V,Falcon,Verification,Falcon-1024,106.0
V2V,Falcon,Verification,Falcon-512,55.0
V2V,Falcon,Verification,Falcon-1024,106.0
V2V,Falcon,Verification,Falcon-512,55.0
V2V,Falcon,Verification,Falcon-1024,110.0
V2V,Falcon,Verification,Falcon-512,52.0
V2V,Falcon,Verification,Falcon-1024,104.0
V2V,Falcon,Verification,Falcon-512,55.0
V2V,Falcon,Verification,Falcon-1024,104.0
V2V,Kyber,Decapsulation,Kyber-512,56.0
V2V,Kyber,Decapsulation,Kyber-768,86.0
V2V,Kyber,Decapsulation,Kyber-1024,126.0
V2V,Kyber,Decapsulation,Kyber-512,56.0
V2V,Kyber,Decapsulation,Kyber-768,87.0
V2V,Kyber,Decapsulation,Kyber-1024,125.0
V2V,Kyber,Decapsulation,Kyber-512,56.0
V2V,Kyber,Decapsulation,Kyber-768,92.0
V2V,Kyber,Decapsulation,Kyber-1024,125.0
V2V,Kyber,Decapsulation,Kyber-512,56.0
V2V,Kyber,Decapsulation,Kyber-768,109.0
V2V,Kyber,Decapsulation,Kyber-1024,145.0
V2V,Kyber,Decapsulation,Kyber-512,58.0
V2V,Kyber,Decapsulation,Kyber-768,87.0
V2V,Kyber,Decapsulation,Kyber-1024,128.0
V2V,Kyber,Decapsulation,Kyber-512,56.0
V2V,Kyber,Decapsulation,Kyber-768,85.0
V2V,Kyber,Decapsulation,Kyber-1024,126.0
V2V,Kyber,Decapsulation,Kyber-512,57.0
V2V,Kyber,Decapsulation,Kyber-768,120.0
V2V,Kyber,Decapsulation,Kyber-1024,127.0
V2V,Kyber,Decapsulation,Kyber-512,59.0
V2V,Kyber,Decapsulation,Kyber-768,86.0
V2V,Kyber,Decapsulation,Kyber-1024,124.0
V2V,Kyber,Decapsulation,Kyber-512,56.0
V2V,Kyber,Decapsulation,Kyber-768,88.0
V2V,Kyber,Decapsulation,Kyber-1024,126.0
V2V,Kyber,Decapsulation,Kyber-512,56.0
V2V,Kyber,Decapsulation,Kyber-768,86.0
V2V,Kyber,Decapsulation,Kyber-1024,125.0
V2V,Kyber,Decapsulation,Kyber-512,55.0
V2V,Kyber,Decapsulation,Kyber-768,85.0
V2V,Kyber,Decapsulation,Kyber-1024,149.0
V2V,Kyber,Decapsulation,Kyber-512,56.0
V2V,Kyber,Decapsulation,Kyber-768,90.0
V2V,Kyber,Decapsulation,Kyber-1024,126.0
V2V,Kyber,Decapsulation,Kyber-512,57.0
V2V,Kyber,Decapsulation,Kyber-768,121.0
V2V,Kyber,Decapsulation,Kyber-1024,223.0
V2V,Kyber,Decapsulation,Kyber-512,64.0
V2V,Kyber,Decapsulation,Kyber-768,86.0
V2V,Kyber,Decapsulation,Kyber-1024,124.0
V2V,Kyber,Decapsulation,Kyber-512,57.0
V2V,Kyber,Decapsulation,Kyber-768,86.0
V2V,Kyber,Decapsulation,Kyber-1024,125.0
V2V,Kyber,Decapsulation,Kyber-512,57.0
V2V,Kyber,Decapsulation,Kyber-768,91.0
V2V,Kyber,Decapsulation,Kyber-1024,125.0
V2V,Kyber,Decapsulation,Kyber-512,154.0
V2V,Kyber,Decapsulation,Kyber-768,87.0
V2V,Kyber,Decapsulation,Kyber-1024,126.0
V2V,Kyber,Decapsulation,Kyber-512,56.0
V2V,Kyber,Decapsulation,Kyber-768,86.0
V2V,Kyber,Decapsulation,Kyber-1024,125.0
V2V,Kyber,Encapsulation,Kyber-512,48.0
V2V,Kyber,Encapsulation,Kyber-768,71.0
V2V,Kyber,Encapsulation,Kyber-1024,106.0
V2V,Kyber,Encapsulation,Kyber-512,67.0
V2V,Kyber,Encapsulation,Kyber-768,76.0
V2V,Kyber,Encapsulation,Kyber-1024,107.0
V2V,Kyber,Encapsulation,Kyber-512,48.0
V2V,Kyber,Encapsulation,Kyber-768,72.0
V2V,Kyber,Encapsulation,Kyber-1024,106.0
V2V,Kyber,Encapsulation,Kyber-512,46.0
V2V,Kyber,Encapsulation,Kyber-768,72.0
V2V,Kyber,Encapsulation,Kyber-1024,106.0
V2V,Kyber,Encapsulation,Kyber-512,54.0
V2V,Kyber,Encapsulation,Kyber-768,73.0
V2V,Kyber,Encapsulation,Kyber-1024,110.0
V2V,Kyber,Encapsulation,Kyber-512,45.0
V2V,Kyber,Encapsulation,Kyber-768,72.0
V2V,Kyber,Encapsulation,Kyber-1024,107.0
V2V,Kyber,Encapsulation,Kyber-512,52.0
V2V,Kyber,Encapsulation,Kyber-768,83.0
V2V,Kyber,Encapsulation,Kyber-1024,108.0
V2V,Kyber,Encapsulation,Kyber-512,46.0
V2V,Kyber,Encapsulation,Kyber-768,74.0
V2V,Kyber,Encapsulation,Kyber-1024,107.0
V2V,Kyber,Encapsulation,Kyber-512,46.0
V2V,Kyber,Encapsulation,Kyber-768,73.0
V2V,Kyber,Encapsulation,Kyber-1024,105.0
V2V,Kyber,Encapsulation,Kyber-512,89.0
V2V,Kyber,Encapsulation,Kyber-768,78.0
V2V,Kyber,Encapsulation,Kyber-1024,107.0
V2V,Kyber,Encapsulation,Kyber-512,52.0
V2V,Kyber,Encapsulation,Kyber-768,72.0
V2V,Kyber,Encapsulation,Kyber-1024,107.0
V2V,Kyber,Encapsulation,Kyber-512,46.0
V2V,Kyber,Encapsulation,Kyber-768,73.0
V2V,Kyber,Encapsulation,Kyber-1024,107.0
V2V,Kyber,Encapsulation,Kyber-512,46.0
V2V,Kyber,Encapsulation,Kyber-768,75.0
V2V,Kyber,Encapsulation,Kyber-1024,315.0
V2V,Kyber,Encapsulation,Kyber-512,47.0
V2V,Kyber,Encapsulation,Kyber-768,73.0
V2V,Kyber,Encapsulation,Kyber-1024,107.0
V2V,Kyber,Encapsulation,Kyber-512,47.0
V2V,Kyber,Encapsulation,Kyber-768,74.0
V2V,Kyber,Encapsulation,Kyber-1024,107.0
V2V,Kyber,Encapsulation,Kyber-512,50.0
V2V,Kyber,Encapsulation,Kyber-768,104.0
V2V,Kyber,Encapsulation,Kyber-1024,114.0
V2V,Kyber,Encapsulation,Kyber-512,83.0
V2V,Kyber,Encapsulation,Kyber-768,80.0
V2V,Kyber,Encapsulation,Kyber-1024,111.0
V2V,Kyber,Encapsulation,Kyber-512,47.0
V2V,Kyber,Encapsulation,Kyber-768,71.0
V2V,Kyber,Encapsulation,Kyber-1024,107.0
V2V,Kyber,KeyGen,Kyber-512,47.0
V2V,Kyber,KeyGen,Kyber-768,82.0
V2V,Kyber,KeyGen,Kyber-1024,110.0
V2V,Kyber,KeyGen,Kyber-512,42.0
V2V,Kyber,KeyGen,Kyber-768,93.0
V2V,Kyber,KeyGen,Kyber-1024,108.0
V2V,Kyber,KeyGen,Kyber-512,37.0
V2V,Kyber,KeyGen,Kyber-768,63.0
V2V,Kyber,KeyGen,Kyber-1024,111.0
V2V,Kyber,KeyGen,Kyber-512,49.0
V2V,Kyber,KeyGen,Kyber-768,88.0
V2V,Kyber,KeyGen,Kyber-1024,158.0
V2V,Kyber,KeyGen,Kyber-512,38.0
V2V,Kyber,KeyGen,Kyber-768,61.0
V2V,Kyber,KeyGen,Kyber-1024,92.0
V2V,Kyber,KeyGen,Kyber-512,48.0
V2V,Kyber,KeyGen,Kyber-768,74.0
V2V,Kyber,KeyGen,Kyber-1024,93.0
V2V,Kyber,KeyGen,Kyber-512,77.0
V2V,Kyber,KeyGen,Kyber-768,103.0
V2V,Kyber,KeyGen,Kyber-1024,93.0
V2V,Kyber,KeyGen,Kyber-512,42.0
V2V,Kyber,KeyGen,Kyber-768,61.0
V2V,Kyber,KeyGen,Kyber-1024,93.0
V2V,Kyber,KeyGen,Kyber-512,37.0
V2V,Kyber,KeyGen,Kyber-768,64.0
V2V,Kyber,KeyGen,Kyber-1024,101.0
V2X,Dilithium,KeyGen,Dilithium-44,126.0
V2X,Dilithium,KeyGen,Dilithium-65,192.0
V2X,Dilithium,KeyGen,Dilithium-87,313.0
V2X,Dilithium,KeyGen,Dilithium-44,177.0
V2X,Dilithium,KeyGen,Dilithium-65,211.0
V2X,Dilithium,KeyGen,Dilithium-87,318.0
V2X,Dilithium,KeyGen,Dilithium-44,123.0
V2X,Dilithium,KeyGen,Dilithium-65,195.0
V2X,Dilithium,KeyGen,Dilithium-87,305.0
V2X,Dilithium,KeyGen,Dilithium-44,126.0
V2X,Dilithium,KeyGen,Dilithium-65,276.0
V2X,Dilithium,KeyGen,Dilithium-87,329.0
V2X,Dilithium,KeyGen,Dilithium-44,111.0
V2X,Dilithium,KeyGen,Dilithium-65,190.0
V2X,Dilithium,KeyGen,Dilithium-87,287.0
V2X,Dilithium,KeyGen,Dilithium-44,109.0
V2X,Dilithium,KeyGen,Dilithium-65,221.0
V2X,Dilithium,KeyGen,Dilithium-87,337.0
V2X,Dilithium,KeyGen,Dilithium-44,103.0
V2X,Dilithium,KeyGen,Dilithium-65,203.0
V2X,Dilithium,KeyGen,Dilithium-87,301.0
V2X,Dilithium,KeyGen,Dilithium-44,167.0
V2X,Dilithium,KeyGen,Dilithium-65,228.0
V2X,Dilithium,KeyGen,Dilithium-87,415.0
V2X,Dilithium,KeyGen,Dilithium-44,104.0
V2X,Dilithium,KeyGen,Dilithium-65,220.0
V2X,Dilithium,KeyGen,Dilithium-87,291.0
V2X,Dilithium,KeyGen,Dilithium-44,113.0
V2X,Dilithium,KeyGen,Dilithium-65,194.0
V2X,Dilithium,KeyGen,Dilithium-87,335.0
V2X,Dilithium,KeyGen,Dilithium-44,103.0
V2X,Dilithium,KeyGen,Dilithium-65,188.0
V2X,Dilithium,KeyGen,Dilithium-87,323.0
V2X,Dilithium,KeyGen,Dilithium-44,139.0
V2X,Dilithium,KeyGen,Dilithium-65,200.0
V2X,Dilithium,KeyGen,Dilithium-87,486.0
V2X,Dilithium,KeyGen,Dilithium-44,104.0
V2X,Dilithium,KeyGen,Dilithium-65,189.0
V2X,Dilithium,KeyGen,Dilithium-87,303.0
V2X,Dilithium,KeyGen,Dilithium-44,186.0
V2X,Dilithium,KeyGen,Dilithium-65,198.0
V2X,Dilithium,KeyGen,Dilithium-87,316.0
V2X,Dilithium,KeyGen,Dilithium-44,161.0
V2X,Dilithium,KeyGen,Dilithium-65,243.0
V2X,Dilithium,KeyGen,Dilithium-87,333.0
V2X,Dilithium,KeyGen,Dilithium-44,120.0
V2X,Dilithium,KeyGen,Dilithium-65,236.0
V2X,Dilithium,KeyGen,Dilithium-87,331.0
V2X,Dilithium,KeyGen,Dilithium-44,106.0
V2X,Dilithium,KeyGen,Dilithium-65,193.0
V2X,Dilithium,KeyGen,Dilithium-87,295.0
V2X,Dilithium,KeyGen,Dilithium-44,119.0
V2X,Dilithium,KeyGen,Dilithium-65,229.0
V2X,Dilithium,KeyGen,Dilithium-87,336.0
V2X,Dilithium,KeyGen,Dilithium-44,109.0
V2X,Dilithium,KeyGen,Dilithium-65,189.0
V2X,Dilithium,KeyGen,Dilithium-87,327.0
V2X,Dilithium,KeyGen,Dilithium-44,115.0
V2X,Dilithium,KeyGen,Dilithium-65,195.0
V2X,Dilithium,KeyGen,Dilithium-87,317.0
V2X,Dilithium,KeyGen,Dilithium-44,108.0
V2X,Dilithium,KeyGen,Dilithium-65,224.0
V2X,Dilithium,KeyGen,Dilithium-87,301.0
V2X,Dilithium,KeyGen,Dilithium-44,120.0
V2X,Dilithium,KeyGen,Dilithium-65,223.0
V2X,Dilithium,KeyGen,Dilithium-87,293.0
V2X,Dilithium,KeyGen,Dilithium-44,104.0
V2X,Dilithium,KeyGen,Dilithium-65,188.0
V2X,Dilithium,KeyGen,Dilithium-87,310.0
V2X,Dilithium,KeyGen,Dilithium-44,131.0
V2X,Dilithium,KeyGen,Dilithium-65,194.0
V2X,Dilithium,KeyGen,Dilithium-87,330.0
V2X,Dilithium,KeyGen,Dilithium-44,105.0
V2X,Dilithium,KeyGen,Dilithium-65,188.0
V2X,Dilithium,KeyGen,Dilithium-87,285.0
V2X,Dilithium,KeyGen,Dilithium-44,111.0
V2X,Dilithium,KeyGen,Dilithium-65,260.0
V2X,Dilithium,KeyGen,Dilithium-87,298.0
V2X,Dilithium,KeyGen,Dilithium-44,107.0
V2X,Dilithium,KeyGen,Dilithium-65,194.0
V2X,Dilithium,KeyGen,Dilithium-87,303.0
V2X,Dilithium,KeyGen,Dilithium-44,171.0
V2X,Dilithium,KeyGen,Dilithium-65,219.0
V2X,Dilithium,KeyGen,Dilithium-87,776.0
V2X,Dilithium,KeyGen,Dilithium-44,106.0
V2X,Dilithium,KeyGen,Dilithium-65,189.0
V2X,Dilithium,KeyGen,Dilithium-87,309.0
V2X,Dilithium,KeyGen,Dilithium-44,107.0
V2X,Dilithium,KeyGen,Dilithium-65,203.0
V2X,Dilithium,KeyGen,Dilithium-87,295.0
V2X,Dilithium,KeyGen,Dilithium-44,103.0
V2X,Dilithium,KeyGen,Dilithium-65,190.0
V2X,Dilithium,KeyGen,Dilithium-87,284.0
V2X,Dilithium,KeyGen,Dilithium-44,114.0
V2X,Dilithium,KeyGen,Dilithium-65,194.0
V2X,Dilithium,KeyGen,Dilithium-87,325.0
V2X,Dilithium,KeyGen,Dilithium-44,119.0
V2X,Dilithium,KeyGen,Dilithium-65,190.0
V2X,Dilithium,KeyGen,Dilithium-87,302.0
V2X,Dilithium,KeyGen,Dilithium-44,188.0
V2X,Dilithium,KeyGen,Dilithium-65,193.0
V2X,Dilithium,KeyGen,Dilithium-87,301.0
V2X,Dilithium,KeyGen,Dilithium-44,132.0
V2X,Dilithium,KeyGen,Dilithium-65,234.0
V2X,Dilithium,KeyGen,Dilithium-87,315.0
V2X,Dilithium,KeyGen,Dilithium-44,111.0
V2X,Dilithium,KeyGen,Dilithium-65,216.0
V2X,Dilithium,KeyGen,Dilithium-87,314.0
V2X,Dilithium,KeyGen,Dilithium-44,103.0
V2X,Dilithium,KeyGen,Dilithium-65,189.0
V2X,Dilithium,KeyGen,Dilithium-87,291.0
V2X,Dilithium,KeyGen,Dilithium-44,112.0
V2X,Dilithium,KeyGen,Dilithium-65,233.0
V2X,Dilithium,KeyGen,Dilithium-87,328.0
V2X,Dilithium,KeyGen,Dilithium-44,136.0
V2X,Dilithium,KeyGen,Dilithium-65,203.0
V2X,Dilithium,KeyGen,Dilithium-87,319.0
V2X,Dilithium,KeyGen,Dilithium-44,116.0
V2X,Dilithium,KeyGen,Dilithium-65,194.0
V2X,Dilithium,KeyGen,Dilithium-87,384.0
V2X,Dilithium,KeyGen,Dilithium-44,108.0
V2X,Dilithium,KeyGen,Dilithium-65,228.0
V2X,Dilithium,KeyGen,Dilithium-87,429.0
V2X,Dilithium,KeyGen,Dilithium-44,112.0
V2X,Dilithium,KeyGen,Dilithium-65,197.0
V2X,Dilithium,KeyGen,Dilithium-87,303.0
V2X,Dilithium,KeyGen,Dilithium-44,105.0
V2X,Dilithium,KeyGen,Dilithium-65,242.0
V2X,Dilithium,KeyGen,Dilithium-87,287.0
V2X,Dilithium,KeyGen,Dilithium-44,108.0
V2X,Dilithium,KeyGen,Dilithium-65,221.0
V2X,Dilithium,KeyGen,Dilithium-87,409.0
V2X,Dilithium,KeyGen,Dilithium-44,199.0
V2X,Dilithium,KeyGen,Dilithium-65,200.0
V2X,Dilithium,KeyGen,Dilithium-87,337.0
V2X,Dilithium,KeyGen,Dilithium-44,175.0
V2X,Dilithium,KeyGen,Dilithium-65,196.0
V2X,Dilithium,KeyGen,Dilithium-87,406.0
V2X,Dilithium,KeyGen,Dilithium-44,110.0
V2X,Dilithium,KeyGen,Dilithium-65,188.0
V2X,Dilithium,KeyGen,Dilithium-87,292.0
V2X,Dilithium,KeyGen,Dilithium-44,114.0
V2X,Dilithium,KeyGen,Dilithium-65,246.0
V2X,Dilithium,KeyGen,Dilithium-87,334.0
V2X,Dilithium,KeyGen,Dilithium-44,104.0
V2X,Dilithium,KeyGen,Dilithium-65,188.0
V2X,Dilithium,KeyGen,Dilithium-87,287.0
V2X,Dilithium,KeyGen,Dilithium-44,133.0
V2X,Dilithium,KeyGen,Dilithium-65,208.0
V2X,Dilithium,KeyGen,Dilithium-87,326.0
V2X,Dilithium,KeyGen,Dilithium-44,105.0
V2X,Dilithium,KeyGen,Dilithium-65,188.0
V2X,Dilithium,KeyGen,Dilithium-87,293.0
V2X,Dilithium,KeyGen,Dilithium-44,116.0
V2X,Dilithium,KeyGen,Dilithium-65,207.0
V2X,Dilithium,KeyGen,Dilithium-87,303.0
V2X,Dilithium,KeyGen,Dilithium-44,110.0
V2X,Dilithium,KeyGen,Dilithium-65,188.0
V2X,Dilithium,KeyGen,Dilithium-87,1124.0
V2X,Dilithium,KeyGen,Dilithium-44,114.0
V2X,Dilithium,KeyGen,Dilithium-65,208.0
V2X,Dilithium,KeyGen,Dilithium-87,319.0
V2X,Dilithium,KeyGen,Dilithium-44,106.0
V2X,Dilithium,KeyGen,Dilithium-65,188.0
V2X,Dilithium,KeyGen,Dilithium-87,289.0
V2X,Dilithium,KeyGen,Dilithium-44,151.0
V2X,Dilithium,KeyGen,Dilithium-65,207.0
V2X,Dilithium,KeyGen,Dilithium-87,302.0
V2X,Dilithium,KeyGen,Dilithium-44,104.0
V2X,Dilithium,KeyGen,Dilithium-65,188.0
V2X,Dilithium,KeyGen,Dilithium-87,298.0
V2X,Dilithium,Signing,Dilithium-44,689.0
V2X,Dilithium,Signing,Dilithium-65,819.0
V2X,Dilithium,Signing,Dilithium-87,1285.0
V2X,Dilithium,Signing,Dilithium-44,371.0
V2X,Dilithium,Signing,Dilithium-65,853.0
V2X,Dilithium,Signing,Dilithium-87,1469.0
V2X,Dilithium,Signing,Dilithium-44,651.0
V2X,Dilithium,Signing,Dilithium-65,899.0
V2X,Dilithium,Signing,Dilithium-87,523.0
V2X,Dilithium,Signing,Dilithium-44,201.0
V2X,Dilithium,Signing,Dilithium-65,337.0
V2X,Dilithium,Signing,Dilithium-87,467.0
V2X,Dilithium,Signing,Dilithium-44,841.0
V2X,Dilithium,Signing,Dilithium-65,669.0
V2X,Dilithium,Signing,Dilithium-87,2868.0
V2X,Dilithium,Signing,Dilithium-44,692.0
V2X,Dilithium,Signing,Dilithium-65,1203.0
V2X,Dilithium,Signing,Dilithium-87,1752.0
V2X,Dilithium,Verification,Dilithium-44,115.0
V2X,Dilithium,Verification,Dilithium-65,187.0
V2X,Dilithium,Verification,Dilithium-87,310.0
V2X,Dilithium,Verification,Dilithium-44,115.0
V2X,Dilithium,Verification,Dilithium-65,186.0
V2X,Dilithium,Verification,Dilithium-87,300.0
V2X,Dilithium,Verification,Dilithium-44,115.0
V2X,Dilithium,Verification,Dilithium-65,186.0
V2X,Dilithium,Verification,Dilithium-87,313.0
V2X,Dilithium,Verification,Dilithium-44,151.0
V2X,Dilithium,Verification,Dilithium-65,188.0
V2X,Dilithium,Verification,Dilithium-87,319.0
V2X,Dilithium,Verification,Dilithium-44,116.0
V2X,Dilithium,Verification,Dilithium-65,199.0
V2X,Dilithium,Verification,Dilithium-87,451.0
V2X,Dilithium,Verification,Dilithium-44,114.0
V2X,Dilithium,Verification,Dilithium-65,207.0
V2X,Dilithium,Verification,Dilithium-87,300.0
V2X,Dilithium,Verification,Dilithium-44,117.0
V2X,Dilithium,Verification,Dilithium-65,236.0
V2X,Dilithium,Verification,Dilithium-87,301.0
V2X,Dilithium,Verification,Dilithium-44,114.0
V2X,Dilithium,Verification,Dilithium-65,237.0
V2X,Dilithium,Verification,Dilithium-87,302.0
V2X,Dilithium,Verification,Dilithium-44,114.0
V2X,Dilithium,Verification,Dilithium-65,186.0
V2X,Dilithium,Verification,Dilithium-87,330.0
V2X,Dilithium,Verification,Dilithium-44,122.0
V2X,Dilithium,Verification,Dilithium-65,207.0
V2X,Dilithium,Verification,Dilithium-87,308.0
V2X,Dilithium,Verification,Dilithium-44,116.0
V2X,Dilithium,Verification,Dilithium-65,187.0
V2X,Dilithium,Verification,Dilithium-87,300.0
V2X,Dilithium,Verification,Dilithium-44,133.0
V2X,Dilithium,Verification,Dilithium-65,234.0
V2X,Dilithium,Verification,Dilithium-87,331.0
V2X,Dilithium,Verification,Dilithium-44,116.0
V2X,Dilithium,Verification,Dilithium-65,189.0
V2X,Dilithium,Verification,Dilithium-87,300.0
V2X,Dilithium,Verification,Dilithium-44,115.0
V2X,Dilithium,Verification,Dilithium-65,192.0
V2X,Dilithium,Verification,Dilithium-87,312.0
V2X,Dilithium,Verification,Dilithium-44,120.0
V2X,Dilithium,Verification,Dilithium-65,188.0
V2X,Dilithium,Verification,Dilithium-87,324.0
V2X,Dilithium,Verification,Dilithium-44,115.0
V2X,Dilithium,Verification,Dilithium-65,186.0
V2X,Dilithium,Verification,Dilithium-87,302.0
V2X,Dilithium,Verification,Dilithium-44,114.0
V2X,Dilithium,Verification,Dilithium-65,188.0
V2X,Dilithium,Verification,Dilithium-87,301.0
V2X,Dilithium,Verification,Dilithium-44,114.0
V2X,Dilithium,Verification,Dilithium-65,188.0
V2X,Dilithium,Verification,Dilithium-87,307.0
V2X,Dilithium,Verification,Dilithium-44,175.0
V2X,Dilithium,Verification,Dilithium-65,188.0
V2X,Dilithium,Verification,Dilithium-87,337.0
V2X,Dilithium,Verification,Dilithium-44,115.0
V2X,Dilithium,Verification,Dilithium-65,186.0
V2X,Dilithium,Verification,Dilithium-87,301.0
V2X,Dilithium,Verification,Dilithium-44,707.0
V2X,Dilithium,Verification,Dilithium-65,187.0
V2X,Dilithium,Verification,Dilithium-87,394.0
V2X,Dilithium,Verification,Dilithium-44,132.0
V2X,Dilithium,Verification,Dilithium-65,189.0
V2X,Dilithium,Verification,Dilithium-87,300.0
V2X,Dilithium,Verification,Dilithium-44,136.0
V2X,Dilithium,Verification,Dilithium-65,297.0
V2X,Dilithium,Verification,Dilithium-87,300.0
V2X,Dilithium,Verification,Dilithium-44,115.0
V2X,Dilithium,Verification,Dilithium-65,188.0
V2X,Dilithium,Verification,Dilithium-87,303.0
V2X,Dilithium,Verification,Dilithium-44,269.0
V2X,Dilithium,Verification,Dilithium-65,209.0
V2X,Dilithium,Verification,Dilithium-87,300.0
V2X,Dilithium,Verification,Dilithium-44,153.0
V2X,Dilithium,Verification,Dilithium-65,218.0
V2X,Dilithium,Verification,Dilithium-87,330.0
V2X,Dilithium,Verification,Dilithium-44,119.0
V2X,Dilithium,Verification,Dilithium-65,187.0
V2X,Dilithium,Verification,Dilithium-87,299.0
V2X,Dilithium,Verification,Dilithium-44,119.0
V2X,Dilithium,Verification,Dilithium-65,188.0
V2X,Dilithium,Verification,Dilithium-87,302.0
V2X,Dilithium,Verification,Dilithium-44,114.0
V2X,Dilithium,Verification,Dilithium-65,187.0
V2X,Dilithium,Verification,Dilithium-87,326.0
V2X,Dilithium,Verification,Dilithium-44,115.0
V2X,Dilithium,Verification,Dilithium-65,186.0
V2X,Dilithium,Verification,Dilithium-87,300.0
V2X,Dilithium,Verification,Dilithium-44,115.0
V2X,Dilithium,Verification,Dilithium-65,188.0
V2X,Dilithium,Verification,Dilithium-87,302.0
V2X,Dilithium,Verification,Dilithium-44,114.0
V2X,Dilithium,Verification,Dilithium-65,196.0
V2X,Dilithium,Verification,Dilithium-87,367.0
V2X,Dilithium,Verification,Dilithium-44,115.0
V2X,Dilithium,Verification,Dilithium-65,232.0
V2X,Dilithium,Verification,Dilithium-87,306.0
V2X,Dilithium,Verification,Dilithium-44,177.0
V2X,Dilithium,Verification,Dilithium-65,200.0
V2X,Dilithium,Verification,Dilithium-87,325.0
V2X,Dilithium,Verification,Dilithium-44,130.0
V2X,Dilithium,Verification,Dilithium-65,188.0
V2X,Dilithium,Verification,Dilithium-87,364.0
V2X,Dilithium,Verification,Dilithium-44,114.0
V2X,Dilithium,Verification,Dilithium-65,187.0
V2X,Dilithium,Verification,Dilithium-87,311.0
V2X,Dilithium,Verification,Dilithium-44,224.0
V2X,Dilithium,Verification,Dilithium-65,187.0
V2X,Dilithium,Verification,Dilithium-87,1384.0
V2X,Dilithium,Verification,Dilithium-44,145.0
V2X,Dilithium,Verification,Dilithium-65,203.0
V2X,Dilithium,Verification,Dilithium-87,340.0
V2X,Dilithium,Verification,Dilithium-44,114.0
V2X,Dilithium,Verification,Dilithium-65,204.0
V2X,Dilithium,Verification,Dilithium-87,441.0
V2X,Dilithium,Verification,Dilithium-44,115.0
V2X,Dilithium,Verification,Dilithium-65,190.0
V2X,Dilithium,Verification,Dilithium-87,316.0
V2X,Dilithium,Verification,Dilithium-44,115.0
V2X,Dilithium,Verification,Dilithium-65,188.0
V2X,Dilithium,Verification,Dilithium-87,315.0
V2X,Dilithium,Verification,Dilithium-44,121.0
V2X,Dilithium,Verification,Dilithium-65,187.0
V2X,Dilithium,Verification,Dilithium-87,301.0
V2X,Dilithium,Verification,Dilithium-44,117.0
V2X,Dilithium,Verification,Dilithium-65,207.0
V2X,Dilithium,Verification,Dilithium-87,668.0
V2X,Dilithium,Verification,Dilithium-44,129.0
V2X,Dilithium,Verification,Dilithium-65,191.0
V2X,Dilithium,Verification,Dilithium-87,299.0
V2X,Dilithium,Verification,Dilithium-44,129.0
V2X,Dilithium,Verification,Dilithium-65,188.0
V2X,Dilithium,Verification,Dilithium-87,340.0
V2X,Dilithium,Verification,Dilithium-44,116.0
V2X,Dilithium,Verification,Dilithium-65,205.0
V2X,Dilithium,Verification,Dilithium-87,301.0
V2X,Dilithium,Verification,Dilithium-44,118.0
V2X,Dilithium,Verification,Dilithium-65,219.0
V2X,Dilithium,Verification,Dilithium-87,300.0
V2X,Dilithium,Verification,Dilithium-44,115.0
V2X,Dilithium,Verification,Dilithium-65,187.0
V2X,Dilithium,Verification,Dilithium-87,300.0
V2X,Dilithium,Verification,Dilithium-44,116.0
V2X,Dilithium,Verification,Dilithium-65,189.0
V2X,Dilithium,Verification,Dilithium-87,299.0
V2X,Dilithium,Verification,Dilithium-44,114.0
V2X,Dilithium,Verification,Dilithium-65,188.0
V2X,Dilithium,Verification,Dilithium-87,299.0
V2X,Dilithium,Verification,Dilithium-44,127.0
V2X,Dilithium,Verification,Dilithium-65,188.0
V2X,Dilithium,Verification,Dilithium-87,304.0
V2X,Dilithium,Verification,Dilithium-44,115.0
V2X,Dilithium,Verification,Dilithium-65,206.0
V2X,Dilithium,Verification,Dilithium-87,334.0
V2X,Dilithium,Verification,Dilithium-44,115.0
V2X,Dilithium,Verification,Dilithium-65,198.0
V2X,Dilithium,Verification,Dilithium-87,401.0
V2X,Dilithium,Verification,Dilithium-44,149.0
V2X,Dilithium,Verification,Dilithium-65,265.0
V2X,Dilithium,Verification,Dilithium-87,318.0
V2X,Dilithium,Verification,Dilithium-44,114.0
V2X,Dilithium,Verification,Dilithium-65,187.0
V2X,Dilithium,Verification,Dilithium-87,300.0
V2X,Dilithium,Verification,Dilithium-44,115.0
V2X,Dilithium,Verification,Dilithium-65,190.0
V2X,Dilithium,Verification,Dilithium-87,304.0
V2X,Falcon,KeyGen,Falcon-512,16396.0
V2X,Falcon,KeyGen,Falcon-1024,29173.0
V2X,Falcon,KeyGen,Falcon-512,27749.0
V2X,Falcon,KeyGen,Falcon-1024,52144.0
V2X,Falcon,KeyGen,Falcon-512,12062.0
V2X,Falcon,KeyGen,Falcon-1024,41926.0
V2X,Falcon,KeyGen,Falcon-512,15772.0
V2X,Falcon,KeyGen,Falcon-1024,30564.0
V2X,Falcon,KeyGen,Falcon-512,21951.0
V2X,Falcon,KeyGen,Falcon-1024,37040.0
V2X,Falcon,KeyGen,Falcon-512,22287.0
V2X,Falcon,KeyGen,Falcon-1024,48098.0
V2X,Falcon,KeyGen,Falcon-512,18054.0
V2X,Falcon,KeyGen,Falcon-1024,33461.0
V2X,Falcon,KeyGen,Falcon-512,20778.0
V2X,Falcon,KeyGen,Falcon-1024,42519.0
V2X,Falcon,KeyGen,Falcon-512,9835.0
V2X,Falcon,KeyGen,Falcon-1024,32522.0
V2X,Falcon,KeyGen,Falcon-512,11212.0
V2X,Falcon,KeyGen,Falcon-1024,39201.0
V2X,Falcon,KeyGen,Falcon-512,13330.0
V2X,Falcon,KeyGen,Falcon-1024,34137.0
V2X,Falcon,KeyGen,Falcon-512,12732.0
V2X,Falcon,KeyGen,Falcon-1024,29416.0
V2X,Falcon,KeyGen,Falcon-512,21342.0
V2X,Falcon,KeyGen,Falcon-1024,92894.0
V2X,Falcon,KeyGen,Falcon-512,15715.0
V2X,Falcon,KeyGen,Falcon-1024,56572.0
V2X,Falcon,KeyGen,Falcon-512,17174.0
V2X,Falcon,KeyGen,Falcon-1024,74069.0
V2X,Falcon,KeyGen,Falcon-512,33247.0
V2X,Falcon,KeyGen,Falcon-1024,37817.0
V2X,Falcon,KeyGen,Falcon-512,11617.0
V2X,Falcon,KeyGen,Falcon-1024,41674.0
V2X,Falcon,KeyGen,Falcon-512,26646.0
V2X,Falcon,KeyGen,Falcon-1024,52615.0
V2X,Falcon,KeyGen,Falcon-512,11456.0
V2X,Falcon,KeyGen,Falcon-1024,82821.0
V2X,Falcon,KeyGen,Falcon-512,16058.0
V2X,Falcon,KeyGen,Falcon-1024,67539.0
V2X,Falcon,KeyGen,Falcon-512,29147.0
V2X,Falcon,KeyGen,Falcon-1024,176635.0
V2X,Falcon,KeyGen,Falcon-512,10757.0
V2X,Falcon,KeyGen,Falcon-1024,81290.0
V2X,Falcon,KeyGen,Falcon-512,12267.0
V2X,Falcon,KeyGen,Falcon-1024,97178.0
V2X,Falcon,KeyGen,Falcon-512,14894.0
V2X,Falcon,KeyGen,Falcon-1024,93776.0
V2X,Falcon,KeyGen,Falcon-512,14520.0
V2X,Falcon,KeyGen,Falcon-1024,115260.0
V2X,Falcon,KeyGen,Falcon-512,15634.0
V2X,Falcon,KeyGen,Falcon-1024,113596.0
V2X,Falcon,KeyGen,Falcon-512,24249.0
V2X,Falcon,KeyGen,Falcon-1024,108220.0
V2X,Falcon,KeyGen,Falcon-512,12365.0
V2X,Falcon,KeyGen,Falcon-1024,78352.0
V2X,Falcon,KeyGen,Falcon-512,24927.0
V2X,Falcon,KeyGen,Falcon-1024,108746.0
V2X,Falcon,KeyGen,Falcon-512,10333.0
V2X,Falcon,KeyGen,Falcon-1024,241368.0
V2X,Falcon,KeyGen,Falcon-512,15401.0
V2X,Falcon,KeyGen,Falcon-1024,93210.0
V2X,Falcon,KeyGen,Falcon-512,14760.0
V2X,Falcon,KeyGen,Falcon-1024,76610.0
V2X,Falcon,KeyGen,Falcon-512,12490.0
V2X,Falcon,KeyGen,Falcon-1024,163010.0
V2X,Falcon,KeyGen,Falcon-512,11063.0
V2X,Falcon,KeyGen,Falcon-1024,88226.0
V2X,Falcon,KeyGen,Falcon-512,19935.0
V2X,Falcon,KeyGen,Falcon-1024,163348.0
V2X,Falcon,KeyGen,Falcon-512,13073.0
V2X,Falcon,KeyGen,Falcon-1024,109069.0
V2X,Falcon,KeyGen,Falcon-512,10788.0
V2X,Falcon,KeyGen,Falcon-1024,97333.0
V2X,Falcon,KeyGen,Falcon-512,24896.0
V2X,Falcon,KeyGen,Falcon-1024,84691.0
V2X,Falcon,KeyGen,Falcon-512,13966.0
V2X,Falcon,KeyGen,Falcon-1024,67097.0
V2X,Falcon,KeyGen,Falcon-512,18040.0
V2X,Falcon,KeyGen,Falcon-1024,137736.0
V2X,Falcon,KeyGen,Falcon-512,19903.0
V2X,Falcon,KeyGen,Falcon-1024,53294.0
V2X,Falcon,KeyGen,Falcon-512,36118.0
V2X,Falcon,KeyGen,Falcon-1024,254853.0
V2X,Falcon,KeyGen,Falcon-512,11036.0
V2X,Falcon,KeyGen,Falcon-1024,227430.0
V2X,Falcon,KeyGen,Falcon-512,13224.0
V2X,Falcon,KeyGen,Falcon-1024,65147.0
V2X,Falcon,KeyGen,Falcon-512,17559.0
V2X,Falcon,KeyGen,Falcon-1024,60370.0
V2X,Falcon,KeyGen,Falcon-512,23007.0
V2X,Falcon,KeyGen,Falcon-1024,93209.0
V2X,Falcon,KeyGen,Falcon-512,16254.0
V2X,Falcon,KeyGen,Falcon-1024,221748.0
V2X,Falcon,KeyGen,Falcon-512,15507.0
V2X,Falcon,KeyGen,Falcon-1024,67576.0
V2X,Falcon,KeyGen,Falcon-512,14160.0
V2X,Falcon,KeyGen,Falcon-1024,93704.0
V2X,Falcon,KeyGen,Falcon-512,22727.0
V2X,Falcon,KeyGen,Falcon-1024,34762.0
V2X,Falcon,KeyGen,Falcon-512,13508.0
V2X,Falcon,KeyGen,Falcon-1024,36185.0
V2X,Falcon,KeyGen,Falcon-512,14313.0
V2X,Falcon,KeyGen,Falcon-1024,58014.0
V2X,Falcon,KeyGen,Falcon-512,21522.0
V2X,Falcon,KeyGen,Falcon-1024,56221.0
V2X,Falcon,Signing,Falcon-512,4256.0
V2X,Falcon,Signing,Falcon-1024,15210.0
V2X,Falcon,Signing,Falcon-512,4106.0
V2X,Falcon,Signing,Falcon-1024,9323.0
V2X,Falcon,Signing,Falcon-512,5284.0
V2X,Falcon,Signing,Falcon-1024,10991.0
V2X,Falcon,Signing,Falcon-512,4749.0
V2X,Falcon,Signing,Falcon-1024,9165.0
V2X,Falcon,Signing,Falcon-512,5817.0
V2X,Falcon,Signing,Falcon-1024,9653.0
V2X,Falcon,Signing,Falcon-512,5408.0
V2X,Falcon,Signing,Falcon-1024,10757.0
V2X,Falcon,Verification,Falcon-512,72.0
V2X,Falcon,Verification,Falcon-1024,121.0
V2X,Falcon,Verification,Falcon-512,53.0
V2X,Falcon,Verification,Falcon-1024,102.0
V2X,Falcon,Verification,Falcon-512,53.0
V2X,Falcon,Verification,Falcon-1024,102.0
V2X,Falcon,Verification,Falcon-512,54.0
V2X,Falcon,Verification,Falcon-1024,149.0
V2X,Falcon,Verification,Falcon-512,53.0
V2X,Falcon,Verification,Falcon-1024,107.0
V2X,Falcon,Verification,Falcon-512,53.0
V2X,Falcon,Verification,Falcon-1024,102.0
V2X,Falcon,Verification,Falcon-512,53.0
V2X,Falcon,Verification,Falcon-1024,103.0
V2X,Falcon,Verification,Falcon-512,53.0
V2X,Falcon,Verification,Falcon-1024,101.0
V2X,Falcon,Verification,Falcon-512,53.0
V2X,Falcon,Verification,Falcon-1024,103.0
V2X,Falcon,Verification,Falcon-512,78.0
V2X,Falcon,Verification,Falcon-1024,112.0
V2X,Falcon,Verification,Falcon-512,53.0
V2X,Falcon,Verification,Falcon-1024,102.0
V2X,Falcon,Verification,Falcon-512,58.0
V2X,Falcon,Verification,Falcon-1024,121.0
V2X,Falcon,Verification,Falcon-512,55.0
V2X,Falcon,Verification,Falcon-1024,101.0
V2X,Falcon,Verification,Falcon-512,53.0
V2X,Falcon,Verification,Falcon-1024,102.0
V2X,Falcon,Verification,Falcon-512,57.0
V2X,Falcon,Verification,Falcon-1024,102.0
V2X,Falcon,Verification,Falcon-512,54.0
V2X,Falcon,Verification,Falcon-1024,108.0
V2X,Falcon,Verification,Falcon-512,53.0
V2X,Falcon,Verification,Falcon-1024,107.0
V2X,Falcon,Verification,Falcon-512,53.0
V2X,Falcon,Verification,Falcon-1024,102.0
V2X,Falcon,Verification,Falcon-512,55.0
V2X,Falcon,Verification,Falcon-1024,101.0
V2X,Falcon,Verification,Falcon-512,622.0
V2X,Falcon,Verification,Falcon-1024,101.0
V2X,Falcon,Verification,Falcon-512,54.0
V2X,Falcon,Verification,Falcon-1024,102.0
V2X,Falcon,Verification,Falcon-512,55.0
V2X,Falcon,Verification,Falcon-1024,104.0
V2X,Falcon,Verification,Falcon-512,53.0
V2X,Falcon,Verification,Falcon-1024,102.0
V2X,Falcon,Verification,Falcon-512,53.0
V2X,Falcon,Verification,Falcon-1024,102.0
V2X,Falcon,Verification,Falcon-512,53.0
V2X,Falcon,Verification,Falcon-1024,166.0
V2X,Falcon,Verification,Falcon-512,57.0
V2X,Falcon,Verification,Falcon-1024,104.0
V2X,Falcon,Verification,Falcon-512,163.0
V2X,Falcon,Verification,Falcon-1024,142.0
V2X,Falcon,Verification,Falcon-512,54.0
V2X,Falcon,Verification,Falcon-1024,102.0
V2X,Falcon,Verification,Falcon-512,54.0
V2X,Falcon,Verification,Falcon-1024,138.0
V2X,Falcon,Verification,Falcon-512,82.0
V2X,Falcon,Verification,Falcon-1024,102.0
V2X,Falcon,Verification,Falcon-512,53.0
V2X,Falcon,Verification,Falcon-1024,106.0
V2X,Falcon,Verification,Falcon-512,59.0
V2X,Falcon,Verification,Falcon-1024,102.0
V2X,Falcon,Verification,Falcon-512,53.0
V2X,Falcon,Verification,Falcon-1024,102.0
V2X,Falcon,Verification,Falcon-512,53.0
V2X,Falcon,Verification,Falcon-1024,128.0
V2X,Falcon,Verification,Falcon-512,56.0
V2X,Falcon,Verification,Falcon-1024,101.0
V2X,Falcon,Verification,Falcon-512,54.0
V2X,Falcon,Verification,Falcon-1024,119.0
V2X,Falcon,Verification,Falcon-512,129.0
V2X,Falcon,Verification,Falcon-1024,102.0
V2X,Falcon,Verification,Falcon-512,53.0
V2X,Falcon,Verification,Falcon-1024,101.0
V2X,Falcon,Verification,Falcon-512,53.0
V2X,Falcon,Verification,Falcon-1024,140.0
V2X,Falcon,Verification,Falcon-512,55.0
V2X,Falcon,Verification,Falcon-1024,102.0
V2X,Falcon,Verification,Falcon-512,55.0
V2X,Falcon,Verification,Falcon-1024,157.0
V2X,Falcon,Verification,Falcon-512,54.0
V2X,Falcon,Verification,Falcon-1024,101.0
V2X,Falcon,Verification,Falcon-512,53.0
V2X,Falcon,Verification,Falcon-1024,113.0
V2X,Falcon,Verification,Falcon-512,53.0
V2X,Falcon,Verification,Falcon-1024,102.0
V2X,Falcon,Verification,Falcon-512,53.0
V2X,Falcon,Verification,Falcon-1024,105.0
V2X,Falcon,Verification,Falcon-512,54.0
V2X,Falcon,Verification,Falcon-1024,102.0
V2X,Falcon,Verification,Falcon-512,54.0
V2X,Falcon,Verification,Falcon-1024,102.0
V2X,Falcon,Verification,Falcon-512,53.0
V2X,Falcon,Verification,Falcon-1024,146.0
V2X,Falcon,Verification,Falcon-512,54.0
V2X,Falcon,Verification,Falcon-1024,102.0
V2X,Falcon,Verification,Falcon-512,53.0
V2X,Falcon,Verification,Falcon-1024,104.0
V2X,Falcon,Verification,Falcon-512,53.0
V2X,Falcon,Verification,Falcon-1024,101.0
V2X,Falcon,Verification,Falcon-512,57.0
V2X,Falcon,Verification,Falcon-1024,104.0
V2X,Falcon,Verification,Falcon-512,53.0
V2X,Falcon,Verification,Falcon-1024,104.0
V2X,Kyber,Decapsulation,Kyber-512,66.0
V2X,Kyber,Decapsulation,Kyber-768,161.0
V2X,Kyber,Decapsulation,Kyber-1024,174.0
V2X,Kyber,Decapsulation,Kyber-512,65.0
V2X,Kyber,Decapsulation,Kyber-768,100.0
V2X,Kyber,Decapsulation,Kyber-1024,138.0
V2X,Kyber,Decapsulation,Kyber-512,66.0
V2X,Kyber,Decapsulation,Kyber-768,98.0
V2X,Kyber,Decapsulation,Kyber-1024,145.0
V2X,Kyber,Decapsulation,Kyber-512,84.0
V2X,Kyber,Decapsulation,Kyber-768,102.0
V2X,Kyber,Decapsulation,Kyber-1024,139.0
V2X,Kyber,Decapsulation,Kyber-512,65.0
V2X,Kyber,Decapsulation,Kyber-768,99.0
V2X,Kyber,Decapsulation,Kyber-1024,140.0
V2X,Kyber,Decapsulation,Kyber-512,68.0
V2X,Kyber,Decapsulation,Kyber-768,99.0
V2X,Kyber,Decapsulation,Kyber-1024,608.0
V2X,Kyber,Decapsulation,Kyber-512,65.0
V2X,Kyber,Decapsulation,Kyber-768,99.0
V2X,Kyber,Decapsulation,Kyber-1024,253.0
V2X,Kyber,Decapsulation,Kyber-512,65.0
V2X,Kyber,Decapsulation,Kyber-768,99.0
V2X,Kyber,Decapsulation,Kyber-1024,212.0
V2X,Kyber,Decapsulation,Kyber-512,66.0
V2X,Kyber,Decapsulation,Kyber-768,99.0
V2X,Kyber,Decapsulation,Kyber-1024,135.0
V2X,Kyber,Decapsulation,Kyber-512,67.0
V2X,Kyber,Decapsulation,Kyber-768,98.0
V2X,Kyber,Decapsulation,Kyber-1024,138.0
V2X,Kyber,Decapsulation,Kyber-512,66.0
V2X,Kyber,Decapsulation,Kyber-768,98.0
V2X,Kyber,Decapsulation,Kyber-1024,136.0
V2X,Kyber,Decapsulation,Kyber-512,66.0
V2X,Kyber,Decapsulation,Kyber-768,98.0
V2X,Kyber,Decapsulation,Kyber-1024,170.0
V2X,Kyber,Decapsulation,Kyber-512,65.0
V2X,Kyber,Decapsulation,Kyber-768,99.0
V2X,Kyber,Decapsulation,Kyber-1024,136.0
V2X,Kyber,Decapsulation,Kyber-512,65.0
V2X,Kyber,Decapsulation,Kyber-768,100.0
V2X,Kyber,Decapsulation,Kyber-1024,136.0
V2X,Kyber,Decapsulation,Kyber-512,125.0
V2X,Kyber,Decapsulation,Kyber-768,99.0
V2X,Kyber,Decapsulation,Kyber-1024,137.0
V2X,Kyber,Decapsulation,Kyber-512,70.0
V2X,Kyber,Decapsulation,Kyber-768,98.0
V2X,Kyber,Decapsulation,Kyber-1024,137.0
V2X,Kyber,Decapsulation,Kyber-512,66.0
V2X,Kyber,Decapsulation,Kyber-768,102.0
V2X,Kyber,Decapsulation,Kyber-1024,137.0
V2X,Kyber,Decapsulation,Kyber-512,65.0
V2X,Kyber,Decapsulation,Kyber-768,110.0
V2X,Kyber,Decapsulation,Kyber-1024,136.0
V2X,Kyber,Decapsulation,Kyber-512,66.0
V2X,Kyber,Decapsulation,Kyber-768,109.0
V2X,Kyber,Decapsulation,Kyber-1024,135.0
V2X,Kyber,Decapsulation,Kyber-512,66.0
V2X,Kyber,Decapsulation,Kyber-768,98.0
V2X,Kyber,Decapsulation,Kyber-1024,136.0
V2X,Kyber,Decapsulation,Kyber-512,66.0
V2X,Kyber,Decapsulation,Kyber-768,98.0
V2X,Kyber,Decapsulation,Kyber-1024,139.0
V2X,Kyber,Decapsulation,Kyber-512,67.0
V2X,Kyber,Decapsulation,Kyber-768,126.0
V2X,Kyber,Decapsulation,Kyber-1024,138.0
V2X,Kyber,Decapsulation,Kyber-512,80.0
V2X,Kyber,Decapsulation,Kyber-768,98.0
V2X,Kyber,Decapsulation,Kyber-1024,148.0
V2X,Kyber,Decapsulation,Kyber-512,66.0
V2X,Kyber,Decapsulation,Kyber-768,99.0
V2X,Kyber,Decapsulation,Kyber-1024,141.0
V2X,Kyber,Decapsulation,Kyber-512,66.0
V2X,Kyber,Decapsulation,Kyber-768,100.0
V2X,Kyber,Decapsulation,Kyber-1024,253.0
V2X,Kyber,Decapsulation,Kyber-512,65.0
V2X,Kyber,Decapsulation,Kyber-768,98.0
V2X,Kyber,Decapsulation,Kyber-1024,136.0
V2X,Kyber,Decapsulation,Kyber-512,66.0
V2X,Kyber,Decapsulation,Kyber-768,100.0
V2X,Kyber,Decapsulation,Kyber-1024,137.0
V2X,Kyber,Decapsulation,Kyber-512,66.0
V2X,Kyber,Decapsulation,Kyber-768,99.0
V2X,Kyber,Decapsulation,Kyber-1024,136.0
V2X,Kyber,Decapsulation,Kyber-512,66.0
V2X,Kyber,Decapsulation,Kyber-768,98.0
V2X,Kyber,Decapsulation,Kyber-1024,137.0
V2X,Kyber,Decapsulation,Kyber-512,86.0
V2X,Kyber,Decapsulation,Kyber-768,99.0
V2X,Kyber,Decapsulation,Kyber-1024,162.0
V2X,Kyber,Decapsulation,Kyber-512,66.0
V2X,Kyber,Decapsulation,Kyber-768,98.0
V2X,Kyber,Decapsulation,Kyber-1024,136.0
V2X,Kyber,Decapsulation,Kyber-512,65.0
V2X,Kyber,Decapsulation,Kyber-768,98.0
V2X,Kyber,Decapsulation,Kyber-1024,135.0
V2X,Kyber,Decapsulation,Kyber-512,68.0
V2X,Kyber,Decapsulation,Kyber-768,124.0
V2X,Kyber,Decapsulation,Kyber-1024,158.0
V2X,Kyber,Decapsulation,Kyber-512,66.0
V2X,Kyber,Decapsulation,Kyber-768,99.0
V2X,Kyber,Decapsulation,Kyber-1024,135.0
V2X,Kyber,Decapsulation,Kyber-512,66.0
V2X,Kyber,Decapsulation,Kyber-768,104.0
V2X,Kyber,Decapsulation,Kyber-1024,149.0
V2X,Kyber,Decapsulation,Kyber-512,66.0
V2X,Kyber,Decapsulation,Kyber-768,98.0
V2X,Kyber,Decapsulation,Kyber-1024,135.0
V2X,Kyber,Decapsulation,Kyber-512,65.0
V2X,Kyber,Decapsulation,Kyber-768,153.0
V2X,Kyber,Decapsulation,Kyber-1024,162.0
V2X,Kyber,Decapsulation,Kyber-512,66.0
V2X,Kyber,Decapsulation,Kyber-768,99.0
V2X,Kyber,Decapsulation,Kyber-1024,136.0
V2X,Kyber,Decapsulation,Kyber-512,66.0
V2X,Kyber,Decapsulation,Kyber-768,99.0
V2X,Kyber,Decapsulation,Kyber-1024,137.0
V2X,Kyber,Decapsulation,Kyber-512,66.0
V2X,Kyber,Decapsulation,Kyber-768,98.0
V2X,Kyber,Decapsulation,Kyber-1024,135.0
V2X,Kyber,Decapsulation,Kyber-512,66.0
V2X,Kyber,Decapsulation,Kyber-768,114.0
V2X,Kyber,Decapsulation,Kyber-1024,136.0
V2X,Kyber,Decapsulation,Kyber-512,66.0
V2X,Kyber,Decapsulation,Kyber-768,145.0
V2X,Kyber,Decapsulation,Kyber-1024,135.0
V2X,Kyber,Decapsulation,Kyber-512,68.0
V2X,Kyber,Decapsulation,Kyber-768,102.0
V2X,Kyber,Decapsulation,Kyber-1024,135.0
V2X,Kyber,Decapsulation,Kyber-512,71.0
V2X,Kyber,Decapsulation,Kyber-768,126.0
V2X,Kyber,Decapsulation,Kyber-1024,144.0
V2X,Kyber,Decapsulation,Kyber-512,84.0
V2X,Kyber,Decapsulation,Kyber-768,115.0
V2X,Kyber,Decapsulation,Kyber-1024,157.0
V2X,Kyber,Decapsulation,Kyber-512,69.0
V2X,Kyber,Decapsulation,Kyber-768,108.0
V2X,Kyber,Decapsulation,Kyber-1024,194.0
V2X,Kyber,Decapsulation,Kyber-512,66.0
V2X,Kyber,Decapsulation,Kyber-768,99.0
V2X,Kyber,Decapsulation,Kyber-1024,326.0
V2X,Kyber,Decapsulation,Kyber-512,72.0
V2X,Kyber,Decapsulation,Kyber-768,102.0
V2X,Kyber,Decapsulation,Kyber-1024,140.0
V2X,Kyber,Decapsulation,Kyber-512,70.0
V2X,Kyber,Decapsulation,Kyber-768,99.0
V2X,Kyber,Decapsulation,Kyber-1024,138.0
V2X,Kyber,Decapsulation,Kyber-512,77.0
V2X,Kyber,Decapsulation,Kyber-768,102.0
V2X,Kyber,Decapsulation,Kyber-1024,138.0
V2X,Kyber,Decapsulation,Kyber-512,67.0
V2X,Kyber,Decapsulation,Kyber-768,107.0
V2X,Kyber,Decapsulation,Kyber-1024,219.0
V2X,Kyber,Decapsulation,Kyber-512,66.0
V2X,Kyber,Decapsulation,Kyber-768,103.0
V2X,Kyber,Decapsulation,Kyber-1024,134.0
V2X,Kyber,Decapsulation,Kyber-512,67.0
V2X,Kyber,Decapsulation,Kyber-768,99.0
V2X,Kyber,Decapsulation,Kyber-1024,143.0
V2X,Kyber,Decapsulation,Kyber-512,66.0
V2X,Kyber,Decapsulation,Kyber-768,111.0
V2X,Kyber,Decapsulation,Kyber-1024,136.0
V2X,Kyber,Decapsulation,Kyber-512,69.0
V2X,Kyber,Decapsulation,Kyber-768,101.0
V2X,Kyber,Decapsulation,Kyber-1024,134.0
V2X,Kyber,Decapsulation,Kyber-512,70.0
V2X,Kyber,Decapsulation,Kyber-768,98.0
V2X,Kyber,Decapsulation,Kyber-1024,134.0
V2X,Kyber,Decapsulation,Kyber-512,66.0
V2X,Kyber,Decapsulation,Kyber-768,99.0
V2X,Kyber,Decapsulation,Kyber-1024,134.0
V2X,Kyber,Decapsulation,Kyber-512,66.0
V2X,Kyber,Decapsulation,Kyber-768,100.0
V2X,Kyber,Decapsulation,Kyber-1024,135.0
V2X,Kyber,Decapsulation,Kyber-512,66.0
V2X,Kyber,Decapsulation,Kyber-768,99.0
V2X,Kyber,Decapsulation,Kyber-1024,137.0
V2X,Kyber,Decapsulation,Kyber-512,67.0
V2X,Kyber,Decapsulation,Kyber-768,99.0
V2X,Kyber,Decapsulation,Kyber-1024,135.0
V2X,Kyber,Decapsulation,Kyber-512,67.0
V2X,Kyber,Decapsulation,Kyber-768,99.0
V2X,Kyber,Decapsulation,Kyber-1024,133.0
V2X,Kyber,Decapsulation,Kyber-512,68.0
V2X,Kyber,Decapsulation,Kyber-768,99.0
V2X,Kyber,Decapsulation,Kyber-1024,134.0
V2X,Kyber,Decapsulation,Kyber-512,68.0
V2X,Kyber,Decapsulation,Kyber-768,98.0
V2X,Kyber,Decapsulation,Kyber-1024,137.0
V2X,Kyber,Decapsulation,Kyber-512,67.0
V2X,Kyber,Decapsulation,Kyber-768,104.0
V2X,Kyber,Decapsulation,Kyber-1024,135.0
V2X,Kyber,Decapsulation,Kyber-512,67.0
V2X,Kyber,Decapsulation,Kyber-768,99.0
V2X,Kyber,Decapsulation,Kyber-1024,136.0
V2X,Kyber,Decapsulation,Kyber-512,67.0
V2X,Kyber,Decapsulation,Kyber-768,138.0
V2X,Kyber,Decapsulation,Kyber-1024,135.0
V2X,Kyber,Decapsulation,Kyber-512,67.0
V2X,Kyber,Decapsulation,Kyber-768,98.0
V2X,Kyber,Decapsulation,Kyber-1024,134.0
V2X,Kyber,Decapsulation,Kyber-512,68.0
V2X,Kyber,Decapsulation,Kyber-768,136.0
V2X,Kyber,Decapsulation,Kyber-1024,136.0
V2X,Kyber,Decapsulation,Kyber-512,67.0
V2X,Kyber,Decapsulation,Kyber-768,97.0
V2X,Kyber,Decapsulation,Kyber-1024,135.0
V2X,Kyber,Decapsulation,Kyber-512,68.0
V2X,Kyber,Decapsulation,Kyber-768,99.0
V2X,Kyber,Decapsulation,Kyber-1024,135.0
V2X,Kyber,Decapsulation,Kyber-512,67.0
V2X,Kyber,Decapsulation,Kyber-768,98.0
V2X,Kyber,Decapsulation,Kyber-1024,135.0
V2X,Kyber,Decapsulation,Kyber-512,67.0
V2X,Kyber,Decapsulation,Kyber-768,99.0
V2X,Kyber,Decapsulation,Kyber-1024,138.0
V2X,Kyber,Decapsulation,Kyber-512,66.0
V2X,Kyber,Decapsulation,Kyber-768,153.0
V2X,Kyber,Decapsulation,Kyber-1024,135.0
V2X,Kyber,Decapsulation,Kyber-512,66.0
V2X,Kyber,Decapsulation,Kyber-768,98.0
V2X,Kyber,Decapsulation,Kyber-1024,156.0
V2X,Kyber,Decapsulation,Kyber-512,67.0
V2X,Kyber,Decapsulation,Kyber-768,99.0
V2X,Kyber,Decapsulation,Kyber-1024,134.0
V2X,Kyber,Decapsulation,Kyber-512,68.0
V2X,Kyber,Decapsulation,Kyber-768,128.0
V2X,Kyber,Decapsulation,Kyber-1024,135.0
V2X,Kyber,Decapsulation,Kyber-512,70.0
V2X,Kyber,Decapsulation,Kyber-768,448.0
V2X,Kyber,Decapsulation,Kyber-1024,135.0
V2X,Kyber,Decapsulation,Kyber-512,67.0
V2X,Kyber,Decapsulation,Kyber-768,98.0
V2X,Kyber,Decapsulation,Kyber-1024,135.0
V2X,Kyber,Decapsulation,Kyber-512,67.0
V2X,Kyber,Decapsulation,Kyber-768,99.0
V2X,Kyber,Decapsulation,Kyber-1024,135.0
V2X,Kyber,Decapsulation,Kyber-512,68.0
V2X,Kyber,Decapsulation,Kyber-768,99.0
V2X,Kyber,Decapsulation,Kyber-1024,191.0
V2X,Kyber,Decapsulation,Kyber-512,97.0
V2X,Kyber,Decapsulation,Kyber-768,98.0
V2X,Kyber,Decapsulation,Kyber-1024,134.0
V2X,Kyber,Encapsulation,Kyber-512,52.0
V2X,Kyber,Encapsulation,Kyber-768,81.0
V2X,Kyber,Encapsulation,Kyber-1024,173.0
V2X,Kyber,Encapsulation,Kyber-512,73.0
V2X,Kyber,Encapsulation,Kyber-768,112.0
V2X,Kyber,Encapsulation,Kyber-1024,116.0
V2X,Kyber,Encapsulation,Kyber-512,88.0
V2X,Kyber,Encapsulation,Kyber-768,81.0
V2X,Kyber,Encapsulation,Kyber-1024,115.0
V2X,Kyber,Encapsulation,Kyber-512,52.0
V2X,Kyber,Encapsulation,Kyber-768,81.0
V2X,Kyber,Encapsulation,Kyber-1024,115.0
V2X,Kyber,Encapsulation,Kyber-512,84.0
V2X,Kyber,Encapsulation,Kyber-768,82.0
V2X,Kyber,Encapsulation,Kyber-1024,123.0
V2X,Kyber,Encapsulation,Kyber-512,52.0
V2X,Kyber,Encapsulation,Kyber-768,82.0
V2X,Kyber,Encapsulation,Kyber-1024,119.0
V2X,Kyber,Encapsulation,Kyber-512,56.0
V2X,Kyber,Encapsulation,Kyber-768,81.0
V2X,Kyber,Encapsulation,Kyber-1024,146.0
V2X,Kyber,Encapsulation,Kyber-512,52.0
V2X,Kyber,Encapsulation,Kyber-768,80.0
V2X,Kyber,Encapsulation,Kyber-1024,119.0
V2X,Kyber,Encapsulation,Kyber-512,95.0
V2X,Kyber,Encapsulation,Kyber-768,81.0
V2X,Kyber,Encapsulation,Kyber-1024,603.0
V2X,Kyber,Encapsulation,Kyber-512,93.0
V2X,Kyber,Encapsulation,Kyber-768,80.0
V2X,Kyber,Encapsulation,Kyber-1024,119.0
V2X,Kyber,Encapsulation,Kyber-512,54.0
V2X,Kyber,Encapsulation,Kyber-768,80.0
V2X,Kyber,Encapsulation,Kyber-1024,162.0
V2X,Kyber,Encapsulation,Kyber-512,246.0
V2X,Kyber,Encapsulation,Kyber-768,81.0
V2X,Kyber,Encapsulation,Kyber-1024,117.0
V2X,Kyber,Encapsulation,Kyber-512,103.0
V2X,Kyber,Encapsulation,Kyber-768,82.0
V2X,Kyber,Encapsulation,Kyber-1024,116.0
V2X,Kyber,Encapsulation,Kyber-512,53.0
V2X,Kyber,Encapsulation,Kyber-768,81.0
V2X,Kyber,Encapsulation,Kyber-1024,245.0
V2X,Kyber,Encapsulation,Kyber-512,55.0
V2X,Kyber,Encapsulation,Kyber-768,88.0
V2X,Kyber,Encapsulation,Kyber-1024,115.0
V2X,Kyber,Encapsulation,Kyber-512,53.0
V2X,Kyber,Encapsulation,Kyber-768,93.0
V2X,Kyber,Encapsulation,Kyber-1024,140.0
V2X,Kyber,Encapsulation,Kyber-512,52.0
V2X,Kyber,Encapsulation,Kyber-768,110.0
V2X,Kyber,Encapsulation,Kyber-1024,116.0
V2X,Kyber,Encapsulation,Kyber-512,54.0
V2X,Kyber,Encapsulation,Kyber-768,80.0
V2X,Kyber,Encapsulation,Kyber-1024,115.0
V2X,Kyber,Encapsulation,Kyber-512,53.0
V2X,Kyber,Encapsulation,Kyber-768,83.0
V2X,Kyber,Encapsulation,Kyber-1024,141.0
V2X,Kyber,Encapsulation,Kyber-512,52.0
V2X,Kyber,Encapsulation,Kyber-768,82.0
V2X,Kyber,Encapsulation,Kyber-1024,122.0
V2X,Kyber,Encapsulation,Kyber-512,53.0
V2X,Kyber,Encapsulation,Kyber-768,101.0
V2X,Kyber,Encapsulation,Kyber-1024,115.0
V2X,Kyber,Encapsulation,Kyber-512,53.0
V2X,Kyber,Encapsulation,Kyber-768,84.0
V2X,Kyber,Encapsulation,Kyber-1024,133.0
V2X,Kyber,Encapsulation,Kyber-512,52.0
V2X,Kyber,Encapsulation,Kyber-768,81.0
V2X,Kyber,Encapsulation,Kyber-1024,115.0
V2X,Kyber,Encapsulation,Kyber-512,53.0
V2X,Kyber,Encapsulation,Kyber-768,80.0
V2X,Kyber,Encapsulation,Kyber-1024,115.0
V2X,Kyber,Encapsulation,Kyber-512,52.0
V2X,Kyber,Encapsulation,Kyber-768,82.0
V2X,Kyber,Encapsulation,Kyber-1024,115.0
V2X,Kyber,Encapsulation,Kyber-512,53.0
V2X,Kyber,Encapsulation,Kyber-768,82.0
V2X,Kyber,Encapsulation,Kyber-1024,117.0
V2X,Kyber,Encapsulation,Kyber-512,103.0
V2X,Kyber,Encapsulation,Kyber-768,82.0
V2X,Kyber,Encapsulation,Kyber-1024,116.0
V2X,Kyber,Encapsulation,Kyber-512,53.0
V2X,Kyber,Encapsulation,Kyber-768,81.0
V2X,Kyber,Encapsulation,Kyber-1024,117.0
V2X,Kyber,Encapsulation,Kyber-512,67.0
V2X,Kyber,Encapsulation,Kyber-768,81.0
V2X,Kyber,Encapsulation,Kyber-1024,117.0
V2X,Kyber,Encapsulation,Kyber-512,57.0
V2X,Kyber,Encapsulation,Kyber-768,81.0
V2X,Kyber,Encapsulation,Kyber-1024,117.0
V2X,Kyber,Encapsulation,Kyber-512,52.0
V2X,Kyber,Encapsulation,Kyber-768,80.0
V2X,Kyber,Encapsulation,Kyber-1024,115.0
V2X,Kyber,Encapsulation,Kyber-512,52.0
V2X,Kyber,Encapsulation,Kyber-768,90.0
V2X,Kyber,Encapsulation,Kyber-1024,191.0
V2X,Kyber,Encapsulation,Kyber-512,56.0
V2X,Kyber,Encapsulation,Kyber-768,100.0
V2X,Kyber,Encapsulation,Kyber-1024,115.0
V2X,Kyber,Encapsulation,Kyber-512,226.0
V2X,Kyber,Encapsulation,Kyber-768,81.0
V2X,Kyber,Encapsulation,Kyber-1024,114.0
V2X,Kyber,Encapsulation,Kyber-512,53.0
V2X,Kyber,Encapsulation,Kyber-768,96.0
V2X,Kyber,Encapsulation,Kyber-1024,261.0
V2X,Kyber,Encapsulation,Kyber-512,52.0
V2X,Kyber,Encapsulation,Kyber-768,112.0
V2X,Kyber,Encapsulation,Kyber-1024,114.0
V2X,Kyber,Encapsulation,Kyber-512,53.0
V2X,Kyber,Encapsulation,Kyber-768,179.0
V2X,Kyber,Encapsulation,Kyber-1024,116.0
V2X,Kyber,Encapsulation,Kyber-512,52.0
V2X,Kyber,Encapsulation,Kyber-768,81.0
V2X,Kyber,Encapsulation,Kyber-1024,115.0
V2X,Kyber,Encapsulation,Kyber-512,54.0
V2X,Kyber,Encapsulation,Kyber-768,81.0
V2X,Kyber,Encapsulation,Kyber-1024,115.0
V2X,Kyber,Encapsulation,Kyber-512,52.0
V2X,Kyber,Encapsulation,Kyber-768,80.0
V2X,Kyber,Encapsulation,Kyber-1024,119.0
V2X,Kyber,Encapsulation,Kyber-512,72.0
V2X,Kyber,Encapsulation,Kyber-768,80.0
V2X,Kyber,Encapsulation,Kyber-1024,115.0
V2X,Kyber,Encapsulation,Kyber-512,56.0
V2X,Kyber,Encapsulation,Kyber-768,81.0
V2X,Kyber,Encapsulation,Kyber-1024,113.0
V2X,Kyber,Encapsulation,Kyber-512,92.0
V2X,Kyber,Encapsulation,Kyber-768,81.0
V2X,Kyber,Encapsulation,Kyber-1024,389.0
V2X,Kyber,Encapsulation,Kyber-512,54.0
V2X,Kyber,Encapsulation,Kyber-768,80.0
V2X,Kyber,Encapsulation,Kyber-1024,114.0
V2X,Kyber,Encapsulation,Kyber-512,54.0
V2X,Kyber,Encapsulation,Kyber-768,81.0
V2X,Kyber,Encapsulation,Kyber-1024,112.0
V2X,Kyber,Encapsulation,Kyber-512,54.0
V2X,Kyber,Encapsulation,Kyber-768,81.0
V2X,Kyber,Encapsulation,Kyber-1024,114.0
V2X,Kyber,Encapsulation,Kyber-512,54.0
V2X,Kyber,Encapsulation,Kyber-768,82.0
V2X,Kyber,Encapsulation,Kyber-1024,113.0
V2X,Kyber,Encapsulation,Kyber-512,54.0
V2X,Kyber,Encapsulation,Kyber-768,89.0
V2X,Kyber,Encapsulation,Kyber-1024,115.0
V2X,Kyber,Encapsulation,Kyber-512,73.0
V2X,Kyber,Encapsulation,Kyber-768,83.0
V2X,Kyber,Encapsulation,Kyber-1024,113.0
V2X,Kyber,Encapsulation,Kyber-512,54.0
V2X,Kyber,Encapsulation,Kyber-768,81.0
V2X,Kyber,Encapsulation,Kyber-1024,113.0
V2X,Kyber,Encapsulation,Kyber-512,53.0
V2X,Kyber,Encapsulation,Kyber-768,82.0
V2X,Kyber,Encapsulation,Kyber-1024,113.0
V2X,Kyber,Encapsulation,Kyber-512,81.0
V2X,Kyber,Encapsulation,Kyber-768,82.0
V2X,Kyber,Encapsulation,Kyber-1024,135.0
V2X,Kyber,Encapsulation,Kyber-512,53.0
V2X,Kyber,Encapsulation,Kyber-768,83.0
V2X,Kyber,Encapsulation,Kyber-1024,115.0
V2X,Kyber,Encapsulation,Kyber-512,55.0
V2X,Kyber,Encapsulation,Kyber-768,148.0
V2X,Kyber,Encapsulation,Kyber-1024,113.0
V2X,Kyber,Encapsulation,Kyber-512,54.0
V2X,Kyber,Encapsulation,Kyber-768,83.0
V2X,Kyber,Encapsulation,Kyber-1024,115.0
V2X,Kyber,Encapsulation,Kyber-512,53.0
V2X,Kyber,Encapsulation,Kyber-768,83.0
V2X,Kyber,Encapsulation,Kyber-1024,195.0
V2X,Kyber,Encapsulation,Kyber-512,61.0
V2X,Kyber,Encapsulation,Kyber-768,81.0
V2X,Kyber,Encapsulation,Kyber-1024,116.0
V2X,Kyber,Encapsulation,Kyber-512,57.0
V2X,Kyber,Encapsulation,Kyber-768,81.0
V2X,Kyber,Encapsulation,Kyber-1024,122.0
V2X,Kyber,Encapsulation,Kyber-512,55.0
V2X,Kyber,Encapsulation,Kyber-768,83.0
V2X,Kyber,Encapsulation,Kyber-1024,112.0
V2X,Kyber,Encapsulation,Kyber-512,62.0
V2X,Kyber,Encapsulation,Kyber-768,82.0
V2X,Kyber,Encapsulation,Kyber-1024,118.0
V2X,Kyber,Encapsulation,Kyber-512,91.0
V2X,Kyber,Encapsulation,Kyber-768,124.0
V2X,Kyber,Encapsulation,Kyber-1024,115.0
V2X,Kyber,Encapsulation,Kyber-512,75.0
V2X,Kyber,Encapsulation,Kyber-768,81.0
V2X,Kyber,Encapsulation,Kyber-1024,114.0
V2X,Kyber,Encapsulation,Kyber-512,54.0
V2X,Kyber,Encapsulation,Kyber-768,81.0
V2X,Kyber,Encapsulation,Kyber-1024,146.0
V2X,Kyber,Encapsulation,Kyber-512,55.0
V2X,Kyber,Encapsulation,Kyber-768,82.0
V2X,Kyber,Encapsulation,Kyber-1024,113.0
V2X,Kyber,Encapsulation,Kyber-512,55.0
V2X,Kyber,Encapsulation,Kyber-768,96.0
V2X,Kyber,Encapsulation,Kyber-1024,114.0
V2X,Kyber,Encapsulation,Kyber-512,54.0
V2X,Kyber,Encapsulation,Kyber-768,87.0
V2X,Kyber,Encapsulation,Kyber-1024,134.0
V2X,Kyber,Encapsulation,Kyber-512,55.0
V2X,Kyber,Encapsulation,Kyber-768,81.0
V2X,Kyber,Encapsulation,Kyber-1024,113.0
V2X,Kyber,Encapsulation,Kyber-512,55.0
V2X,Kyber,Encapsulation,Kyber-768,81.0
V2X,Kyber,Encapsulation,Kyber-1024,112.0
V2X,Kyber,Encapsulation,Kyber-512,53.0
V2X,Kyber,Encapsulation,Kyber-768,100.0
V2X,Kyber,Encapsulation,Kyber-1024,112.0
V2X,Kyber,Encapsulation,Kyber-512,57.0
V2X,Kyber,Encapsulation,Kyber-768,82.0
V2X,Kyber,Encapsulation,Kyber-1024,130.0
V2X,Kyber,Encapsulation,Kyber-512,65.0
V2X,Kyber,Encapsulation,Kyber-768,81.0
V2X,Kyber,Encapsulation,Kyber-1024,112.0
V2X,Kyber,Encapsulation,Kyber-512,53.0
V2X,Kyber,Encapsulation,Kyber-768,114.0
V2X,Kyber,Encapsulation,Kyber-1024,113.0
V2X,Kyber,Encapsulation,Kyber-512,53.0
V2X,Kyber,Encapsulation,Kyber-768,82.0
V2X,Kyber,Encapsulation,Kyber-1024,115.0
V2X,Kyber,Encapsulation,Kyber-512,60.0
V2X,Kyber,Encapsulation,Kyber-768,80.0
V2X,Kyber,Encapsulation,Kyber-1024,113.0
V2X,Kyber,Encapsulation,Kyber-512,54.0
V2X,Kyber,Encapsulation,Kyber-768,88.0
V2X,Kyber,Encapsulation,Kyber-1024,132.0
V2X,Kyber,Encapsulation,Kyber-512,53.0
V2X,Kyber,Encapsulation,Kyber-768,98.0
V2X,Kyber,Encapsulation,Kyber-1024,113.0
V2X,Kyber,Encapsulation,Kyber-512,55.0
V2X,Kyber,Encapsulation,Kyber-768,104.0
V2X,Kyber,Encapsulation,Kyber-1024,113.0
V2X,Kyber,Encapsulation,Kyber-512,53.0
V2X,Kyber,Encapsulation,Kyber-768,81.0
V2X,Kyber,Encapsulation,Kyber-1024,112.0
V2X,Kyber,Encapsulation,Kyber-512,54.0
V2X,Kyber,Encapsulation,Kyber-768,84.0
V2X,Kyber,Encapsulation,Kyber-1024,117.0
V2X,Kyber,Encapsulation,Kyber-512,54.0
V2X,Kyber,Encapsulation,Kyber-768,80.0
V2X,Kyber,Encapsulation,Kyber-1024,115.0
V2X,Kyber,Encapsulation,Kyber-512,53.0
V2X,Kyber,Encapsulation,Kyber-768,81.0
V2X,Kyber,Encapsulation,Kyber-1024,136.0
V2X,Kyber,KeyGen,Kyber-512,61.0
V2X,Kyber,KeyGen,Kyber-768,70.0
V2X,Kyber,KeyGen,Kyber-1024,107.0
V2X,Kyber,KeyGen,Kyber-512,45.0
V2X,Kyber,KeyGen,Kyber-768,69.0
V2X,Kyber,KeyGen,Kyber-1024,115.0
V2X,Kyber,KeyGen,Kyber-512,43.0
V2X,Kyber,KeyGen,Kyber-768,77.0
V2X,Kyber,KeyGen,Kyber-1024,112.0
