scenario,variant,operation,reference,recomputed,absolute_error,passed
V2V,Dilithium-44,KeyGen,122.3333333,122.33333333333333,3.3333321880490985e-08,True
V2V,Dilithium-44,Signing,306.3333333,306.3333333333333,3.3333321880490985e-08,True
V2V,Dilithium-44,Verification,124.9047619,124.9047619047619,4.761901095662324e-09,True
V2V,Dilithium-65,KeyGen,221.5555556,221.55555555555554,4.4444448121794267e-08,True
V2V,Dilithium-65,Signing,367.6666667,367.6666666666667,3.3333321880490985e-08,True
V2V,Dilithium-65,Verification,200.6190476,200.61904761904762,1.9047632804358727e-08,True
V2V,Dilithium-87,KeyGen,316.5555556,316.55555555555554,4.4444448121794267e-08,True
V2V,Dilithium-87,Signing,554.3333333,554.3333333333334,3.3333321880490985e-08,True
V2V,Dilithium-87,Verification,318.8571429,318.85714285714283,4.2857152493525064e-08,True
V2V,Falcon-1024,KeyGen,41544.44444,41544.444444444445,4.444445949047804e-06,True
V2V,Falcon-1024,Signing,13139.0,13139.0,0.0,True
V2V,Falcon-1024,Verification,110.4761905,110.47619047619048,2.3809519689166336e-08,True
V2V,Falcon-512,KeyGen,17533.0,17533.0,0.0,True
V2V,Falcon-512,Signing,7186.333333,7186.333333333333,3.333334461785853e-07,True
V2V,Falcon-512,Verification,57.76190476,57.76190476190476,1.904759017179458e-09,True
V2V,Kyber-1024,Decapsulation,133.3333333,133.33333333333334,3.3333350302200415e-08,True
V2V,Kyber-1024,Encapsulation,119.1111111,119.11111111111111,1.1111112030448567e-08,True
V2V,Kyber-1024,KeyGen,106.5555556,106.55555555555556,4.4444448121794267e-08,True
V2V,Kyber-512,Decapsulation,62.33333333,62.333333333333336,3.33333360913457e-09,True
V2V,Kyber-512,Encapsulation,53.27777778,53.27777777777778,2.2222224060897133e-09,True
V2V,Kyber-512,KeyGen,46.33333333,46.333333333333336,3.33333360913457e-09,True
V2V,Kyber-768,Decapsulation,92.11111111,92.11111111111111,1.1111183084722143e-09,True
V2V,Kyber-768,Encapsulation,75.88888889,75.88888888888889,1.1111183084722143e-09,True
V2V,Kyber-768,KeyGen,76.55555556,76.55555555555556,4.444444812179427e-09,True
V2X,Dilithium-44,KeyGen,122.7894737,122.78947368421052,1.5789481722094934e-08,True
V2X,Dilithium-44,Signing,574.1666667,574.1666666666666,3.3333321880490985e-08,True
V2X,Dilithium-44,Verification,137.375,137.375,0.0,True
V2X,Dilithium-65,KeyGen,206.9473684,206.94736842105263,2.1052642296126578e-08,True
V2X,Dilithium-65,Signing,796.6666667,796.6666666666666,3.3333321880490985e-08,True
V2X,Dilithium-65,Verification,198.9107143,198.91071428571428,1.4285717497841688e-08,True
V2X,Dilithium-87,KeyGen,343.8421053,343.8421052631579,3.684209559651208e-08,True
V2X,Dilithium-87,Signing,1394.0,1394.0,0.0,True
V2X,Dilithium-87,Verification,345.3928571,345.39285714285717,4.2857152493525064e-08,True
V2X,Falcon-1024,KeyGen,86291.81132,86291.81132075471,7.547205314040184e-07,True
V2X,Falcon-1024,Signing,10849.83333,10849.833333333334,3.333334461785853e-06,True
V2X,Falcon-1024,Verification,110.5471698,110.54716981132076,1.1320750559207227e-08,True
V2X,Falcon-512,KeyGen,17316.15094,17316.150943396227,3.3962278394028544e-06,True
V2X,Falcon-512,Signing,4936.666667,4936.666666666667,3.333334461785853e-07,True
V2X,Falcon-512,Verification,69.49056604,69.49056603773585,2.2641586383542744e-09,True
V2X,Kyber-1024,Decapsulation,153.3333333,153.33333333333334,3.3333350302200415e-08,True
V2X,Kyber-1024,Encapsulation,133.9259259,133.92592592592592,2.592591386019194e-08,True
V2X,Kyber-1024,KeyGen,111.3333333,111.33333333333333,3.3333321880490985e-08,True
V2X,Kyber-512,Decapsulation,68.81481481,68.81481481481481,4.814808107767021e-09,True
V2X,Kyber-512,Encapsulation,63.97530864,63.97530864197531,1.9753088054130785e-09,True
V2X,Kyber-512,KeyGen,49.66666667,49.666666666666664,3.33333360913457e-09,True
V2X,Kyber-768,Decapsulation,109.4074074,109.4074074074074,7.4074080202990444e-09,True
V2X,Kyber-768,Encapsulation,87.54320988,87.54320987654322,3.4567904094728874e-09,True
V2X,Kyber-768,KeyGen,72.0,72.0,0.0,True
