scenario,algorithm,operation,variant,sec_level,n,mean,median,iqr,p95,p99,std,minv,maxv,cv
V2V,Dilithium,KeyGen,Dilithium-44,L2,9,122.33333333333333,110.0,15.0,174.79999999999998,183.76,29.47456530637899,103.0,186.0,0.2409365011420626
V2V,Dilithium,KeyGen,Dilithium-65,L3,9,221.55555555555554,208.0,19.0,289.4,297.08,38.363756043664154,192.0,299.0,0.17315637131041997
V2V,Dilithium,KeyGen,Dilithium-87,L5,9,316.55555555555554,321.0,42.0,339.6,341.52,22.006312225763267,286.0,342.0,0.069518009839196
V2V,Dilithium,Signing,Dilithium-44,L2,3,306.3333333333333,313.0,17.0,319.3,319.86,17.95364401266031,286.0,320.0,0.05860819590639927
V2V,Dilithium,Signing,Dilithium-65,L3,3,367.6666666666667,388.0,52.5,407.8,409.56,55.37448269133837,305.0,410.0,0.1506105603572213
V2V,Dilithium,Signing,Dilithium-87,L5,3,554.3333333333334,507.0,125.0,683.4,699.08,131.54973710856794,453.0,703.0,0.23731161234257594
V2V,Dilithium,Verification,Dilithium-44,L2,21,124.9047619047619,109.0,6.0,156.0,301.60000000000014,50.4340210194515,107.0,338.0,0.4037798099155477
V2V,Dilithium,Verification,Dilithium-65,L3,21,200.61904761904762,180.0,38.0,260.0,272.8,32.42911684038928,175.0,276.0,0.16164525365491925
V2V,Dilithium,Verification,Dilithium-87,L5,21,318.85714285714283,302.0,20.0,390.0,584.4000000000002,75.50846688569814,287.0,633.0,0.23680970797485978
V2V,Falcon,KeyGen,Falcon-1024,L5,9,41544.444444444445,42016.0,6333.0,52881.2,56904.24,7794.882104802982,29150.0,57910.0,0.18762754464623385
V2V,Falcon,KeyGen,Falcon-512,L1,9,17533.0,14450.0,11186.0,27113.8,28301.96,6505.946068789688,11118.0,28599.0,0.3710686173951798
V2V,Falcon,Signing,Falcon-1024,L5,3,13139.0,11662.0,4572.5,17771.2,18314.24,4748.0420175057425,9305.0,18450.0,0.3613701208239396
V2V,Falcon,Signing,Falcon-512,L1,3,7186.333333333333,5031.0,3972.0,11515.5,12091.9,4388.721947598564,4292.0,12236.0,0.6107039214618346
V2V,Falcon,Verification,Falcon-1024,L5,21,110.47619047619048,104.0,3.0,135.0,142.20000000000002,12.274441118108179,102.0,144.0,0.11110485494839299
V2V,Falcon,Verification,Falcon-512,L1,21,57.76190476190476,53.0,2.0,91.0,104.60000000000001,14.191211230563662,52.0,108.0,0.24568461322492738
V2V,Kyber,Decapsulation,Kyber-1024,L5,18,133.33333333333334,126.0,1.75,160.0999999999999,210.41999999999987,23.45207879911715,124.0,223.0,0.17589059099337861
V2V,Kyber,Decapsulation,Kyber-512,L1,18,62.333333333333336,56.0,1.0,77.49999999999987,138.69999999999985,22.962885655924403,55.0,154.0,0.36838853993461607
V2V,Kyber,Decapsulation,Kyber-768,L3,18,92.11111111111111,87.0,4.75,120.15,120.83,11.691570059556428,85.0,121.0,0.1269289873775728
V2V,Kyber,Encapsulation,Kyber-1024,L5,18,119.11111111111111,107.0,0.75,144.14999999999972,280.82999999999964,48.93319442198587,105.0,315.0,0.41081972928906046
V2V,Kyber,Encapsulation,Kyber-512,L1,18,53.27777777777778,47.5,6.0,83.89999999999999,87.97999999999999,12.992330568253381,45.0,89.0,0.2438602192164347
V2V,Kyber,Encapsulation,Kyber-768,L3,18,75.88888888888889,73.0,3.75,86.14999999999998,100.42999999999996,7.714683393975481,71.0,104.0,0.10165761426907662
V2V,Kyber,KeyGen,Kyber-1024,L5,9,106.55555555555556,101.0,17.0,139.2,154.24,20.839332469582075,92.0,158.0,0.19557246321818422
V2V,Kyber,KeyGen,Kyber-512,L1,9,46.333333333333336,42.0,10.0,65.79999999999998,74.75999999999999,12.409673645990857,37.0,77.0,0.2678346830069969
V2V,Kyber,KeyGen,Kyber-768,L3,9,76.55555555555556,74.0,25.0,99.0,102.2,15.661346614444678,61.0,103.0,0.20457491949202047
V2X,Dilithium,KeyGen,Dilithium-44,L2,57,122.78947368421052,112.0,20.0,178.79999999999995,192.83999999999997,25.047623812382213,103.0,199.0,0.20398836366706474
V2X,Dilithium,KeyGen,Dilithium-65,L3,57,206.94736842105263,198.0,31.0,243.6,267.03999999999996,20.780675305807883,188.0,276.0,0.10041526724576545
V2X,Dilithium,KeyGen,Dilithium-87,L5,57,343.8421052631579,314.0,33.0,440.39999999999975,929.1199999999992,127.34230997502141,284.0,1124.0,0.370351123454065
V2X,Dilithium,Signing,Dilithium-44,L2,6,574.1666666666666,670.0,250.25,803.75,833.5500000000001,238.62306398725724,201.0,841.0,0.41559895034065125
V2X,Dilithium,Signing,Dilithium-65,L3,6,796.6666666666666,836.0,181.0,1127.0,1187.8,285.2519354301854,337.0,1203.0,0.35805682271571393
V2X,Dilithium,Signing,Dilithium-87,L5,6,1394.0,1377.0,967.75,2589.0,2812.2000000000003,887.2785357484987,467.0,2868.0,0.6364982322442602
V2X,Dilithium,Verification,Dilithium-44,L2,56,137.375,116.0,14.0,188.75,466.1000000000013,82.26952655752919,114.0,707.0,0.5988682551958449
V2X,Dilithium,Verification,Dilithium-65,L3,56,198.91071428571428,188.0,17.25,236.25,279.4000000000001,21.268223660248115,186.0,297.0,0.10692346933960808
V2X,Dilithium,Verification,Dilithium-87,L5,56,345.39285714285717,306.5,30.0,443.5,990.2000000000021,152.41530328456088,299.0,1384.0,0.4412809938959471
V2X,Falcon,KeyGen,Falcon-1024,L5,53,86291.81132075471,74069.0,54814.0,224020.8,247840.79999999996,55979.80259228687,29173.0,254853.0,0.6487267069201355
V2X,Falcon,KeyGen,Falcon-512,L1,53,17316.150943396227,15634.0,8610.0,28308.199999999997,34625.079999999994,6050.737289455617,9835.0,36118.0,0.34942738194154843
V2X,Falcon,Signing,Falcon-1024,L5,6,10849.833333333334,10205.0,1527.0,14155.25,14999.050000000001,2264.592362140848,9165.0,15210.0,0.20872139622490493
V2X,Falcon,Signing,Falcon-512,L1,6,4936.666666666667,5016.5,997.75,5714.75,5796.55,679.1635051051159,4106.0,5817.0,0.13757532176335904
V2X,Falcon,Verification,Falcon-1024,L5,53,110.54716981132076,102.0,6.0,147.2,161.31999999999996,16.280670508938186,101.0,166.0,0.14727351714861306
V2X,Falcon,Verification,Falcon-512,L1,53,69.49056603773585,54.0,2.0,100.79999999999993,383.3199999999986,79.56603997297549,53.0,622.0,1.144990529070785
V2X,Kyber,Decapsulation,Kyber-1024,L5,81,153.33333333333334,136.0,6.0,219.0,382.4000000000008,59.88864667029971,133.0,608.0,0.39057813045847634
V2X,Kyber,Decapsulation,Kyber-512,L1,81,68.81481481481481,66.0,2.0,84.0,102.60000000000008,8.193154324054795,65.0,125.0,0.11906090783072093
V2X,Kyber,Decapsulation,Kyber-768,L3,81,109.4074074074074,99.0,5.0,145.0,218.40000000000083,40.58471934662657,97.0,448.0,0.3709503799454697
V2X,Kyber,Encapsulation,Kyber-1024,L5,81,133.92592592592592,115.0,8.0,195.0,431.80000000000064,65.74644054581543,112.0,603.0,0.49091645319054666
V2X,Kyber,Encapsulation,Kyber-512,L1,81,63.97530864197531,54.0,4.0,95.0,230.00000000000006,30.420788660323215,52.0,246.0,0.4755082750841722
V2X,Kyber,Encapsulation,Kyber-768,L3,81,87.54320987654322,82.0,3.0,112.0,154.2000000000001,15.494393649572133,80.0,179.0,0.1769913814152225
V2X,Kyber,KeyGen,Kyber-1024,L5,3,111.33333333333333,112.0,4.0,114.7,114.94,4.041451884327381,107.0,115.0,0.036300466026892644
V2X,Kyber,KeyGen,Kyber-512,L1,3,49.666666666666664,45.0,9.0,59.4,60.68,9.865765724632494,43.0,61.0,0.19863957834830526
V2X,Kyber,KeyGen,Kyber-768,L3,3,72.0,70.0,4.0,76.3,76.86,4.358898943540674,69.0,77.0,0.06054026310473158
