scenario,variant,n,mean,idealized_verifications_per_second
V2V,Dilithium-44,21,124.9047619047619,8006.099885627145
V2V,Dilithium-65,21,200.61904761904762,4984.571564206029
V2V,Dilithium-87,21,318.85714285714283,3136.2007168458786
V2V,Falcon-1024,21,110.47619047619048,9051.724137931034
V2V,Falcon-512,21,57.76190476190476,17312.44847485573
V2X,Dilithium-44,56,137.375,7279.344858962693
V2X,Dilithium-65,56,198.91071428571428,5027.381273004758
V2X,Dilithium-87,56,345.39285714285717,2895.2538517216417
V2X,Falcon-1024,53,110.54716981132076,9045.912271718724
V2X,Falcon-512,53,69.49056603773585,14390.442573988597
