scenario,variant,budget_us,n,exceedances,empirical_fraction,zero_failure_upper95
V2V,Dilithium-44,350,21,0,0.0,0.13294591102652342
V2V,Dilithium-44,700,21,0,0.0,0.13294591102652342
V2V,Dilithium-44,1000,21,0,0.0,0.13294591102652342
V2V,Dilithium-44,5000,21,0,0.0,0.13294591102652342
V2V,Dilithium-44,20000,21,0,0.0,0.13294591102652342
V2V,Dilithium-44,100000,21,0,0.0,0.13294591102652342
V2V,Dilithium-65,350,21,0,0.0,0.13294591102652342
V2V,Dilithium-65,700,21,0,0.0,0.13294591102652342
V2V,Dilithium-65,1000,21,0,0.0,0.13294591102652342
V2V,Dilithium-65,5000,21,0,0.0,0.13294591102652342
V2V,Dilithium-65,20000,21,0,0.0,0.13294591102652342
V2V,Dilithium-65,100000,21,0,0.0,0.13294591102652342
V2V,Dilithium-87,350,21,2,0.09523809523809523,
V2V,Dilithium-87,700,21,0,0.0,0.13294591102652342
V2V,Dilithium-87,1000,21,0,0.0,0.13294591102652342
V2V,Dilithium-87,5000,21,0,0.0,0.13294591102652342
V2V,Dilithium-87,20000,21,0,0.0,0.13294591102652342
V2V,Dilithium-87,100000,21,0,0.0,0.13294591102652342
V2V,Falcon-512,350,21,0,0.0,0.13294591102652342
V2V,Falcon-512,700,21,0,0.0,0.13294591102652342
V2V,Falcon-512,1000,21,0,0.0,0.13294591102652342
V2V,Falcon-512,5000,21,0,0.0,0.13294591102652342
V2V,Falcon-512,20000,21,0,0.0,0.13294591102652342
V2V,Falcon-512,100000,21,0,0.0,0.13294591102652342
V2V,Falcon-1024,350,21,0,0.0,0.13294591102652342
V2V,Falcon-1024,700,21,0,0.0,0.13294591102652342
V2V,Falcon-1024,1000,21,0,0.0,0.13294591102652342
V2V,Falcon-1024,5000,21,0,0.0,0.13294591102652342
V2V,Falcon-1024,20000,21,0,0.0,0.13294591102652342
V2V,Falcon-1024,100000,21,0,0.0,0.13294591102652342
V2X,Dilithium-44,350,56,1,0.017857142857142856,
V2X,Dilithium-44,700,56,1,0.017857142857142856,
V2X,Dilithium-44,1000,56,0,0.0,0.05208952720877946
V2X,Dilithium-44,5000,56,0,0.0,0.05208952720877946
V2X,Dilithium-44,20000,56,0,0.0,0.05208952720877946
V2X,Dilithium-44,100000,56,0,0.0,0.05208952720877946
V2X,Dilithium-65,350,56,0,0.0,0.05208952720877946
V2X,Dilithium-65,700,56,0,0.0,0.05208952720877946
V2X,Dilithium-65,1000,56,0,0.0,0.05208952720877946
V2X,Dilithium-65,5000,56,0,0.0,0.05208952720877946
V2X,Dilithium-65,20000,56,0,0.0,0.05208952720877946
V2X,Dilithium-65,100000,56,0,0.0,0.05208952720877946
V2X,Dilithium-87,350,56,8,0.14285714285714285,
V2X,Dilithium-87,700,56,1,0.017857142857142856,
V2X,Dilithium-87,1000,56,1,0.017857142857142856,
V2X,Dilithium-87,5000,56,0,0.0,0.05208952720877946
V2X,Dilithium-87,20000,56,0,0.0,0.05208952720877946
V2X,Dilithium-87,100000,56,0,0.0,0.05208952720877946
V2X,Falcon-512,350,53,1,0.018867924528301886,
V2X,Falcon-512,700,53,0,0.0,0.05495548846517784
V2X,Falcon-512,1000,53,0,0.0,0.05495548846517784
V2X,Falcon-512,5000,53,0,0.0,0.05495548846517784
V2X,Falcon-512,20000,53,0,0.0,0.05495548846517784
V2X,Falcon-512,100000,53,0,0.0,0.05495548846517784
V2X,Falcon-1024,350,53,0,0.0,0.05495548846517784
V2X,Falcon-1024,700,53,0,0.0,0.05495548846517784
V2X,Falcon-1024,1000,53,0,0.0,0.05495548846517784
V2X,Falcon-1024,5000,53,0,0.0,0.05495548846517784
V2X,Falcon-1024,20000,53,0,0.0,0.05495548846517784
V2X,Falcon-1024,100000,53,0,0.0,0.05495548846517784
